Departure;Departure coordinates;Arrival;Arrival coordinates;tt-dist; SE-dist 
ÄNGELHOLM;POINT (16.6271988 59.60213195);STOCKHOLM/ARLANDA;POINT (17.93861961 59.64980316); 479 ; 480 
ÄNGELHOLM;POINT (16.6271988 59.60213195);STOCKHOLM/BROMMA;POINT (17.94678307 59.35702896); 455 ; 456 
ÄNGELHOLM;POINT (16.6271988 59.60213195);BORLÄNGE;POINT (15.51051712 60.42327499); 485 ; 486 
ÄNGELHOLM;POINT (16.6271988 59.60213195);RONNEBY;POINT (15.27101803 56.26460266); 149 ; 150 
ÄNGELHOLM;POINT (16.6271988 59.60213195);STOCKHOLM/SKAVSTA;POINT (16.92242432 58.78472519); 369 ; 370 
ÄNGELHOLM;POINT (16.6271988 59.60213195);ÖREBRO;POINT (15.05159173 59.24286598); 352 ; 352 
ÄNGELHOLM;POINT (16.6271988 59.60213195);VISBY;POINT (18.34523964 57.66231918); 367 ; 347 
ÄNGELHOLM;POINT (16.6271988 59.60213195);KARLSTAD;POINT (13.50276279 59.38091278); 351 ; 352 
ÄNGELHOLM;POINT (16.6271988 59.60213195);SKELLEFTEÅ;POINT (21.08051109 64.6242218); 1 028 ; 912 
ÄNGELHOLM;POINT (16.6271988 59.60213195);SUNDSVALL TIMRÅ;POINT (17.3071022 62.3907547); 740 ; 742 
ÄNGELHOLM;POINT (16.6271988 59.60213195);LULEÅ;POINT (22.11975479 65.54638672); 1 142 ; 1 122 
ÄNGELHOLM;POINT (16.6271988 59.60213195);ÖRNSKÖLDSVIK;POINT (18.71602058 63.28886032); 862 ; 864 
ÄNGELHOLM;POINT (16.6271988 59.60213195);MALMÖ;POINT (13.3716898 55.53546143); 89 ; 90 
ÄNGELHOLM;POINT (16.6271988 59.60213195);ARVIDSJAUR;POINT (19.27456284 65.59220886); 1 090 ; 1 092 
ÄNGELHOLM;POINT (16.6271988 59.60213195);ÄNGELHOLM;POINT (16.6271988 59.60213195); 30 ; 30 
ÄNGELHOLM;POINT (16.6271988 59.60213195);HALMSTAD;POINT (12.85748291 56.67398071); 45 ; 45 
ÄNGELHOLM;POINT (16.6271988 59.60213195);ÅRE ÖSTERSUND;POINT (16.6271988 59.60213195); 773 ; 774 
ÄNGELHOLM;POINT (16.6271988 59.60213195);KRISTIANSTAD;POINT (14.08672428 55.91998291); 87 ; 87 
ÄNGELHOLM;POINT (16.6271988 59.60213195);GÖTEBORG/LANDVETTER;POINT (12.28727818 57.66451263); 156 ; 156 
ÄNGELHOLM;POINT (16.6271988 59.60213195);STOCKHOLM/VÄSTERÅS;POINT (16.54636765 59.61109924); 429 ; 430 
ÄNGELHOLM;POINT (16.6271988 59.60213195);LINKÖPING;POINT (15.62452507 58.40981293); 290 ; 291 
ÄNGELHOLM;POINT (16.6271988 59.60213195);KRAMFORS-SOLLEFTEÅ;POINT (17.76606178 63.04914474); 802 ; 802 
ÄNGELHOLM;POINT (16.6271988 59.60213195);TORSBY;POINT (13.00678825 60.13552094); 430 ; 430 
ÅRE ÖSTERSUND;POINT (16.6271988 59.60213195);GÖTEBORG/LANDVETTER;POINT (12.28727818 57.66451263); 627 ; 628 
ÅRE ÖSTERSUND;POINT (16.6271988 59.60213195);STOCKHOLM/ARLANDA;POINT (17.93861961 59.64980316); 435 ; 435 
ÅRE ÖSTERSUND;POINT (16.6271988 59.60213195);UMEÅ;POINT (20.28625488 63.79077911); 294 ; 296 
ÅRE ÖSTERSUND;POINT (16.6271988 59.60213195);STOCKHOLM/BROMMA;POINT (17.94678307 59.35702896); 465 ; 465 
ÅRE ÖSTERSUND;POINT (16.6271988 59.60213195);ÅRE ÖSTERSUND;POINT (16.6271988 59.60213195); 30 ; 30 
ÅRE ÖSTERSUND;POINT (16.6271988 59.60213195);JÖNKÖPING;POINT (14.16571903 57.78256226); 604 ; 605 
ÅRE ÖSTERSUND;POINT (16.6271988 59.60213195);MALMÖ;POINT (13.3716898 55.53546143); 853 ; 855 
ÅRE ÖSTERSUND;POINT (16.6271988 59.60213195);KALMAR;POINT (16.28347778 56.68473816); 731 ; 732 
ÅRE ÖSTERSUND;POINT (16.6271988 59.60213195);LULEÅ;POINT (22.11975479 65.54638672); 450 ; 452 
ÅRE ÖSTERSUND;POINT (16.6271988 59.60213195);TROLLHÄTTAN/VÄNERSBORG;POINT (12.34457207 58.31798935); 554 ; 555 
ÅRE ÖSTERSUND;POINT (16.6271988 59.60213195);BORLÄNGE;POINT (15.51051712 60.42327499); 313 ; 313 
ÅRE ÖSTERSUND;POINT (16.6271988 59.60213195);SKELLEFTEÅ;POINT (21.08051109 64.6242218); 359 ; 360 
ÅRE ÖSTERSUND;POINT (16.6271988 59.60213195);STOCKHOLM/VÄSTERÅS;POINT (16.54636765 59.61109924); 416 ; 417 
ÅRE ÖSTERSUND;POINT (16.6271988 59.60213195);SUNDSVALL TIMRÅ;POINT (17.3071022 62.3907547); 166 ; 167 
ÅRE ÖSTERSUND;POINT (16.6271988 59.60213195);KARLSTAD;POINT (13.50276279 59.38091278); 422 ; 422 
ÅRE ÖSTERSUND;POINT (16.6271988 59.60213195);VILHELMINA;POINT (16.65439224 64.6257019); 192 ; 193 
ÅRE ÖSTERSUND;POINT (16.6271988 59.60213195);ÄNGELHOLM;POINT (16.6271988 59.60213195); 773 ; 774 
ÅRE ÖSTERSUND;POINT (16.6271988 59.60213195);VÄXJÖ/KRONOBERG;POINT (14.7322894 56.92434045); 696 ; 698 
ÅRE ÖSTERSUND;POINT (16.6271988 59.60213195);STOCKHOLM/SKAVSTA;POINT (16.92242432 58.78472519); 506 ; 507 
ÅRE ÖSTERSUND;POINT (16.6271988 59.60213195);GÄLLIVARE;POINT (20.81499672 67.13253784); 527 ; 529 
ÅRE ÖSTERSUND;POINT (16.6271988 59.60213195);KIRUNA;POINT (20.33342934 67.8212738); 581 ; 582 
ÅRE ÖSTERSUND;POINT (16.6271988 59.60213195);KRAMFORS-SOLLEFTEÅ;POINT (17.76606178 63.04914474); 165 ; 166 
ÅRE ÖSTERSUND;POINT (16.6271988 59.60213195);HEMAVAN TÄRNABY;POINT (15.08346176 65.80632019); 293 ; 293 
ÅRE ÖSTERSUND;POINT (16.6271988 59.60213195);SVEG;POINT (16.6271988 59.60213195); 127 ; 127 
ÅRE ÖSTERSUND;POINT (16.6271988 59.60213195);LINKÖPING;POINT (15.62452507 58.40981293); 535 ; 536 
ÅRE ÖSTERSUND;POINT (16.6271988 59.60213195);ÖREBRO;POINT (15.05159173 59.24286598); 441 ; 442 
ÅRE ÖSTERSUND;POINT (16.6271988 59.60213195);VISBY;POINT (18.34523964 57.66231918); 649 ; 574 
ÅRE ÖSTERSUND;POINT (16.6271988 59.60213195);ARVIDSJAUR;POINT (19.27456284 65.59220886); 352 ; 353 
ÅRE ÖSTERSUND;POINT (16.6271988 59.60213195);HALMSTAD;POINT (12.85748291 56.67398071); 729 ; 730 
ÅRE ÖSTERSUND;POINT (16.6271988 59.60213195);ÖRNSKÖLDSVIK;POINT (18.71602058 63.28886032); 226 ; 226 
ÅRE ÖSTERSUND;POINT (16.6271988 59.60213195);PAJALA;POINT (23.36472893 67.20903778); 604 ; 604 
ÅRE ÖSTERSUND;POINT (16.6271988 59.60213195);RONNEBY;POINT (15.27101803 56.26460266); 772 ; 773 
ARVIDSJAUR;POINT (19.27456284 65.59220886);LYCKSELE;POINT (18.71338844 64.54975128); 119 ; 119 
ARVIDSJAUR;POINT (19.27456284 65.59220886);STOCKHOLM/ARLANDA;POINT (17.93861961 59.64980316); 665 ; 458 
ARVIDSJAUR;POINT (19.27456284 65.59220886);MALMÖ;POINT (13.3716898 55.53546143); 1 162 ; 1 165 
ARVIDSJAUR;POINT (19.27456284 65.59220886);TROLLHÄTTAN/VÄNERSBORG;POINT (12.34457207 58.31798935); 887 ; 887 
ARVIDSJAUR;POINT (19.27456284 65.59220886);GÖTEBORG/LANDVETTER;POINT (12.28727818 57.66451263); 951 ; 953 
ARVIDSJAUR;POINT (19.27456284 65.59220886);PAJALA;POINT (23.36472893 67.20903778); 251 ; 251 
ARVIDSJAUR;POINT (19.27456284 65.59220886);LULEÅ;POINT (22.11975479 65.54638672); 131 ; 131 
ARVIDSJAUR;POINT (19.27456284 65.59220886);ÖREBRO;POINT (15.05159173 59.24286598); 740 ; 742 
ARVIDSJAUR;POINT (19.27456284 65.59220886);GÄLLIVARE;POINT (20.81499672 67.13253784); 185 ; 185 
ARVIDSJAUR;POINT (19.27456284 65.59220886);KRAMFORS-SOLLEFTEÅ;POINT (17.76606178 63.04914474); 293 ; 293 
ARVIDSJAUR;POINT (19.27456284 65.59220886);ÅRE ÖSTERSUND;POINT (16.6271988 59.60213195); 352 ; 353 
ARVIDSJAUR;POINT (19.27456284 65.59220886);KIRUNA;POINT (20.33342934 67.8212738); 252 ; 253 
ARVIDSJAUR;POINT (19.27456284 65.59220886);HEMAVAN TÄRNABY;POINT (15.08346176 65.80632019); 195 ; 195 
ARVIDSJAUR;POINT (19.27456284 65.59220886);VILHELMINA;POINT (16.65439224 64.6257019); 161 ; 161 
ARVIDSJAUR;POINT (19.27456284 65.59220886);KRISTIANSTAD;POINT (14.08672428 55.91998291); 1 114 ; 1 114 
ARVIDSJAUR;POINT (19.27456284 65.59220886);STOCKHOLM/BROMMA;POINT (17.94678307 59.35702896); 696 ; 485 
ARVIDSJAUR;POINT (19.27456284 65.59220886);STOCKHOLM/VÄSTERÅS;POINT (16.54636765 59.61109924); 681 ; 682 
ARVIDSJAUR;POINT (19.27456284 65.59220886);ÖRNSKÖLDSVIK;POINT (18.71602058 63.28886032); 243 ; 243 
ARVIDSJAUR;POINT (19.27456284 65.59220886);KARLSTAD;POINT (13.50276279 59.38091278); 750 ; 750 
ARVIDSJAUR;POINT (19.27456284 65.59220886);ÄNGELHOLM;POINT (16.6271988 59.60213195); 1 090 ; 1 092 
ARVIDSJAUR;POINT (19.27456284 65.59220886);ARVIDSJAUR;POINT (19.27456284 65.59220886); 30 ; 30 
ARVIDSJAUR;POINT (19.27456284 65.59220886);LINKÖPING;POINT (15.62452507 58.40981293); 822 ; 822 
ARVIDSJAUR;POINT (19.27456284 65.59220886);VISBY;POINT (18.34523964 57.66231918); 885 ; 885 
ARVIDSJAUR;POINT (19.27456284 65.59220886);VÄXJÖ/KRONOBERG;POINT (14.7322894 56.92434045); 995 ; 995 
BORLÄNGE;POINT (15.51051712 60.42327499);GÖTEBORG/LANDVETTER;POINT (12.28727818 57.66451263); 359 ; 360 
BORLÄNGE;POINT (15.51051712 60.42327499);STOCKHOLM/ARLANDA;POINT (17.93861961 59.64980316); 160 ; 161 
BORLÄNGE;POINT (15.51051712 60.42327499);ÖREBRO;POINT (15.05159173 59.24286598); 135 ; 135 
BORLÄNGE;POINT (15.51051712 60.42327499);SUNDSVALL TIMRÅ;POINT (17.3071022 62.3907547); 256 ; 257 
BORLÄNGE;POINT (15.51051712 60.42327499);ÄNGELHOLM;POINT (16.6271988 59.60213195); 485 ; 486 
BORLÄNGE;POINT (15.51051712 60.42327499);BORLÄNGE;POINT (15.51051712 60.42327499); 30 ; 30 
BORLÄNGE;POINT (15.51051712 60.42327499);VÄXJÖ/KRONOBERG;POINT (14.7322894 56.92434045); 391 ; 391 
BORLÄNGE;POINT (15.51051712 60.42327499);HALMSTAD;POINT (12.85748291 56.67398071); 443 ; 444 
BORLÄNGE;POINT (15.51051712 60.42327499);LULEÅ;POINT (22.11975479 65.54638672); 660 ; 662 
BORLÄNGE;POINT (15.51051712 60.42327499);MALMÖ;POINT (13.3716898 55.53546143); 557 ; 558 
BORLÄNGE;POINT (15.51051712 60.42327499);UMEÅ;POINT (20.28625488 63.79077911); 449 ; 447 
BORLÄNGE;POINT (15.51051712 60.42327499);KALMAR;POINT (16.28347778 56.68473816); 418 ; 419 
BORLÄNGE;POINT (15.51051712 60.42327499);KARLSTAD;POINT (13.50276279 59.38091278); 163 ; 163 
BORLÄNGE;POINT (15.51051712 60.42327499);TROLLHÄTTAN/VÄNERSBORG;POINT (12.34457207 58.31798935); 296 ; 296 
BORLÄNGE;POINT (15.51051712 60.42327499);JÖNKÖPING;POINT (14.16571903 57.78256226); 307 ; 308 
BORLÄNGE;POINT (15.51051712 60.42327499);SKELLEFTEÅ;POINT (21.08051109 64.6242218); 547 ; 549 
BORLÄNGE;POINT (15.51051712 60.42327499);ÅRE ÖSTERSUND;POINT (16.6271988 59.60213195); 313 ; 313 
BORLÄNGE;POINT (15.51051712 60.42327499);STOCKHOLM/BROMMA;POINT (17.94678307 59.35702896); 180 ; 180 
BORLÄNGE;POINT (15.51051712 60.42327499);LINKÖPING;POINT (15.62452507 58.40981293); 225 ; 225 
BORLÄNGE;POINT (15.51051712 60.42327499);STOCKHOLM/VÄSTERÅS;POINT (16.54636765 59.61109924); 111 ; 112 
BORLÄNGE;POINT (15.51051712 60.42327499);KRISTIANSTAD;POINT (14.08672428 55.91998291); 509 ; 509 
BORLÄNGE;POINT (15.51051712 60.42327499);TORSBY;POINT (13.00678825 60.13552094); 143 ; 143 
BORLÄNGE;POINT (15.51051712 60.42327499);SVEG;POINT (16.6271988 59.60213195); 190 ; 190 
BORLÄNGE;POINT (15.51051712 60.42327499);ÖRNSKÖLDSVIK;POINT (18.71602058 63.28886032); 379 ; 380 
BORLÄNGE;POINT (15.51051712 60.42327499);KRAMFORS-SOLLEFTEÅ;POINT (17.76606178 63.04914474); 316 ; 316 
BORLÄNGE;POINT (15.51051712 60.42327499);VISBY;POINT (18.34523964 57.66231918); 346 ; 266 
BORLÄNGE;POINT (15.51051712 60.42327499);RONNEBY;POINT (15.27101803 56.26460266); 463 ; 464 
GÄLLIVARE;POINT (20.81499672 67.13253784);KRAMFORS-SOLLEFTEÅ;POINT (17.76606178 63.04914474); 477 ; 477 
GÄLLIVARE;POINT (20.81499672 67.13253784);STOCKHOLM/ARLANDA;POINT (17.93861961 59.64980316); 845 ; 592 
GÄLLIVARE;POINT (20.81499672 67.13253784);ARVIDSJAUR;POINT (19.27456284 65.59220886); 185 ; 185 
GÄLLIVARE;POINT (20.81499672 67.13253784);VILHELMINA;POINT (16.65439224 64.6257019); 338 ; 338 
GÄLLIVARE;POINT (20.81499672 67.13253784);ÖRNSKÖLDSVIK;POINT (18.71602058 63.28886032); 422 ; 423 
GÄLLIVARE;POINT (20.81499672 67.13253784);KIRUNA;POINT (20.33342934 67.8212738); 79 ; 80 
GÄLLIVARE;POINT (20.81499672 67.13253784);SUNDSVALL TIMRÅ;POINT (17.3071022 62.3907547); 536 ; 537 
GÄLLIVARE;POINT (20.81499672 67.13253784);HEMAVAN TÄRNABY;POINT (15.08346176 65.80632019); 295 ; 295 
GÄLLIVARE;POINT (20.81499672 67.13253784);STOCKHOLM/BROMMA;POINT (17.94678307 59.35702896); 876 ; 620 
GÄLLIVARE;POINT (20.81499672 67.13253784);ÅRE ÖSTERSUND;POINT (16.6271988 59.60213195); 527 ; 529 
GÄLLIVARE;POINT (20.81499672 67.13253784);LYCKSELE;POINT (18.71338844 64.54975128); 304 ; 304 
GÄLLIVARE;POINT (20.81499672 67.13253784);UMEÅ;POINT (20.28625488 63.79077911); 373 ; 373 
GÄLLIVARE;POINT (20.81499672 67.13253784);LULEÅ;POINT (22.11975479 65.54638672); 185 ; 186 
GÄLLIVARE;POINT (20.81499672 67.13253784);GÖTEBORG/LANDVETTER;POINT (12.28727818 57.66451263); 1 134 ; 1 137 
GÄLLIVARE;POINT (20.81499672 67.13253784);STOCKHOLM/SKAVSTA;POINT (16.92242432 58.78472519); 948 ; 779 
GÄLLIVARE;POINT (20.81499672 67.13253784);TROLLHÄTTAN/VÄNERSBORG;POINT (12.34457207 58.31798935); 1 071 ; 1 071 
GÖTEBORG/LANDVETTER;POINT (12.28727818 57.66451263);BORLÄNGE;POINT (15.51051712 60.42327499); 358 ; 359 
GÖTEBORG/LANDVETTER;POINT (12.28727818 57.66451263);LULEÅ;POINT (22.11975479 65.54638672); 1 019 ; 1 019 
GÖTEBORG/LANDVETTER;POINT (12.28727818 57.66451263);MALMÖ;POINT (13.3716898 55.53546143); 246 ; 246 
GÖTEBORG/LANDVETTER;POINT (12.28727818 57.66451263);SKELLEFTEÅ;POINT (21.08051109 64.6242218); 905 ; 907 
GÖTEBORG/LANDVETTER;POINT (12.28727818 57.66451263);STOCKHOLM/ARLANDA;POINT (17.93861961 59.64980316); 395 ; 396 
GÖTEBORG/LANDVETTER;POINT (12.28727818 57.66451263);STOCKHOLM/BROMMA;POINT (17.94678307 59.35702896); 380 ; 380 
GÖTEBORG/LANDVETTER;POINT (12.28727818 57.66451263);SUNDSVALL TIMRÅ;POINT (17.3071022 62.3907547); 612 ; 613 
GÖTEBORG/LANDVETTER;POINT (12.28727818 57.66451263);ÅRE ÖSTERSUND;POINT (16.6271988 59.60213195); 627 ; 628 
GÖTEBORG/LANDVETTER;POINT (12.28727818 57.66451263);ÖRNSKÖLDSVIK;POINT (18.71602058 63.28886032); 736 ; 738 
GÖTEBORG/LANDVETTER;POINT (12.28727818 57.66451263);GÖTEBORG/LANDVETTER;POINT (12.28727818 57.66451263); 30 ; 30 
GÖTEBORG/LANDVETTER;POINT (12.28727818 57.66451263);ÖREBRO;POINT (15.05159173 59.24286598); 237 ; 238 
GÖTEBORG/LANDVETTER;POINT (12.28727818 57.66451263);ARVIDSJAUR;POINT (19.27456284 65.59220886); 955 ; 957 
GÖTEBORG/LANDVETTER;POINT (12.28727818 57.66451263);UMEÅ;POINT (20.28625488 63.79077911); 809 ; 808 
GÖTEBORG/LANDVETTER;POINT (12.28727818 57.66451263);LINKÖPING;POINT (15.62452507 58.40981293); 217 ; 218 
GÖTEBORG/LANDVETTER;POINT (12.28727818 57.66451263);VISBY;POINT (18.34523964 57.66231918); 361 ; 318 
GÖTEBORG/LANDVETTER;POINT (12.28727818 57.66451263);VÄXJÖ/KRONOBERG;POINT (14.7322894 56.92434045); 168 ; 169 
GÖTEBORG/LANDVETTER;POINT (12.28727818 57.66451263);STOCKHOLM/VÄSTERÅS;POINT (16.54636765 59.61109924); 331 ; 331 
GÖTEBORG/LANDVETTER;POINT (12.28727818 57.66451263);STOCKHOLM/SKAVSTA;POINT (16.92242432 58.78472519); 299 ; 300 
GÖTEBORG/LANDVETTER;POINT (12.28727818 57.66451263);KARLSTAD;POINT (13.50276279 59.38091278); 207 ; 208 
GÖTEBORG/LANDVETTER;POINT (12.28727818 57.66451263);KRAMFORS-SOLLEFTEÅ;POINT (17.76606178 63.04914474); 671 ; 672 
GÖTEBORG/LANDVETTER;POINT (12.28727818 57.66451263);JÖNKÖPING;POINT (14.16571903 57.78256226); 107 ; 107 
GÖTEBORG/LANDVETTER;POINT (12.28727818 57.66451263);KIRUNA;POINT (20.33342934 67.8212738); 1 199 ; 1 203 
GÖTEBORG/LANDVETTER;POINT (12.28727818 57.66451263);KRISTIANSTAD;POINT (14.08672428 55.91998291); 223 ; 223 
GÖTEBORG/LANDVETTER;POINT (12.28727818 57.66451263);KALMAR;POINT (16.28347778 56.68473816); 265 ; 266 
GÖTEBORG/LANDVETTER;POINT (12.28727818 57.66451263);ÄNGELHOLM;POINT (16.6271988 59.60213195); 156 ; 156 
GÖTEBORG/LANDVETTER;POINT (12.28727818 57.66451263);TROLLHÄTTAN/VÄNERSBORG;POINT (12.34457207 58.31798935); 73 ; 74 
GÖTEBORG/LANDVETTER;POINT (12.28727818 57.66451263);RONNEBY;POINT (15.27101803 56.26460266); 239 ; 240 
GÖTEBORG/LANDVETTER;POINT (12.28727818 57.66451263);HALMSTAD;POINT (12.85748291 56.67398071); 113 ; 113 
HAGFORS;POINT (13.57822037 60.02272034);STOCKHOLM/ARLANDA;POINT (17.93861961 59.64980316); 247 ; 248 
HAGFORS;POINT (13.57822037 60.02272034);TORSBY;POINT (13.00678825 60.13552094); 35 ; 35 
HAGFORS;POINT (13.57822037 60.02272034);SVEG;POINT (16.6271988 59.60213195); 230 ; 230 
HAGFORS;POINT (13.57822037 60.02272034);HAGFORS;POINT (13.57822037 60.02272034); 30 ; 30 
HAGFORS;POINT (13.57822037 60.02272034);HALMSTAD;POINT (12.85748291 56.67398071); 374 ; 374 
HAGFORS;POINT (13.57822037 60.02272034);STOCKHOLM/BROMMA;POINT (17.94678307 59.35702896); 255 ; 256 
HAGFORS;POINT (13.57822037 60.02272034);BORLÄNGE;POINT (15.51051712 60.42327499); 116 ; 116 
HAGFORS;POINT (13.57822037 60.02272034);STOCKHOLM/SKAVSTA;POINT (16.92242432 58.78472519); 233 ; 233 
HALMSTAD;POINT (12.85748291 56.67398071);STOCKHOLM/ARLANDA;POINT (17.93861961 59.64980316); 446 ; 446 
HALMSTAD;POINT (12.85748291 56.67398071);KRISTIANSTAD;POINT (14.08672428 55.91998291); 116 ; 116 
HALMSTAD;POINT (12.85748291 56.67398071);STOCKHOLM/BROMMA;POINT (17.94678307 59.35702896); 423 ; 424 
HALMSTAD;POINT (12.85748291 56.67398071);SUNDSVALL TIMRÅ;POINT (17.3071022 62.3907547); 699 ; 701 
HALMSTAD;POINT (12.85748291 56.67398071);BORLÄNGE;POINT (15.51051712 60.42327499); 443 ; 444 
HALMSTAD;POINT (12.85748291 56.67398071);LULEÅ;POINT (22.11975479 65.54638672); 1 102 ; 1 105 
HALMSTAD;POINT (12.85748291 56.67398071);JÖNKÖPING;POINT (14.16571903 57.78256226); 141 ; 141 
HALMSTAD;POINT (12.85748291 56.67398071);VÄXJÖ/KRONOBERG;POINT (14.7322894 56.92434045); 119 ; 120 
HALMSTAD;POINT (12.85748291 56.67398071);HALMSTAD;POINT (12.85748291 56.67398071); 30 ; 30 
HALMSTAD;POINT (12.85748291 56.67398071);ÖREBRO;POINT (15.05159173 59.24286598); 311 ; 312 
HALMSTAD;POINT (12.85748291 56.67398071);VISBY;POINT (18.34523964 57.66231918); 351 ; 327 
HALMSTAD;POINT (12.85748291 56.67398071);RONNEBY;POINT (15.27101803 56.26460266); 158 ; 158 
HALMSTAD;POINT (12.85748291 56.67398071);GÖTEBORG/LANDVETTER;POINT (12.28727818 57.66451263); 134 ; 134 
HALMSTAD;POINT (12.85748291 56.67398071);KARLSTAD;POINT (13.50276279 59.38091278); 307 ; 308 
HALMSTAD;POINT (12.85748291 56.67398071);ARVIDSJAUR;POINT (19.27456284 65.59220886); 1 050 ; 1 050 
HALMSTAD;POINT (12.85748291 56.67398071);ÄNGELHOLM;POINT (16.6271988 59.60213195); 45 ; 45 
HALMSTAD;POINT (12.85748291 56.67398071);KALMAR;POINT (16.28347778 56.68473816); 212 ; 213 
HALMSTAD;POINT (12.85748291 56.67398071);KIRUNA;POINT (20.33342934 67.8212738); 1 295 ; 1 298 
HALMSTAD;POINT (12.85748291 56.67398071);UMEÅ;POINT (20.28625488 63.79077911); 889 ; 739 
HALMSTAD;POINT (12.85748291 56.67398071);SVEG;POINT (16.6271988 59.60213195); 604 ; 604 
HALMSTAD;POINT (12.85748291 56.67398071);STOCKHOLM/SKAVSTA;POINT (16.92242432 58.78472519); 337 ; 338 
HALMSTAD;POINT (12.85748291 56.67398071);MALMÖ;POINT (13.3716898 55.53546143); 132 ; 133 
HALMSTAD;POINT (12.85748291 56.67398071);ÅRE ÖSTERSUND;POINT (16.6271988 59.60213195); 729 ; 730 
HALMSTAD;POINT (12.85748291 56.67398071);STOCKHOLM/VÄSTERÅS;POINT (16.54636765 59.61109924); 392 ; 393 
HALMSTAD;POINT (12.85748291 56.67398071);LINKÖPING;POINT (15.62452507 58.40981293); 256 ; 256 
HEMAVAN TÄRNABY;POINT (15.08346176 65.80632019);STOCKHOLM/ARLANDA;POINT (17.93861961 59.64980316); 700 ; 702 
HEMAVAN TÄRNABY;POINT (15.08346176 65.80632019);VILHELMINA;POINT (16.65439224 64.6257019); 159 ; 159 
HEMAVAN TÄRNABY;POINT (15.08346176 65.80632019);ARVIDSJAUR;POINT (19.27456284 65.59220886); 195 ; 195 
HEMAVAN TÄRNABY;POINT (15.08346176 65.80632019);GÄLLIVARE;POINT (20.81499672 67.13253784); 295 ; 295 
HEMAVAN TÄRNABY;POINT (15.08346176 65.80632019);STOCKHOLM/BROMMA;POINT (17.94678307 59.35702896); 732 ; 734 
HEMAVAN TÄRNABY;POINT (15.08346176 65.80632019);LYCKSELE;POINT (18.71338844 64.54975128); 221 ; 221 
HEMAVAN TÄRNABY;POINT (15.08346176 65.80632019);KRAMFORS-SOLLEFTEÅ;POINT (17.76606178 63.04914474); 333 ; 333 
HEMAVAN TÄRNABY;POINT (15.08346176 65.80632019);SKELLEFTEÅ;POINT (21.08051109 64.6242218); 309 ; 310 
HEMAVAN TÄRNABY;POINT (15.08346176 65.80632019);LULEÅ;POINT (22.11975479 65.54638672); 324 ; 325 
HEMAVAN TÄRNABY;POINT (15.08346176 65.80632019);HEMAVAN TÄRNABY;POINT (15.08346176 65.80632019); 30 ; 30 
HEMAVAN TÄRNABY;POINT (15.08346176 65.80632019);HALMSTAD;POINT (12.85748291 56.67398071); 1 024 ; 1 024 
HEMAVAN TÄRNABY;POINT (15.08346176 65.80632019);ÅRE ÖSTERSUND;POINT (16.6271988 59.60213195); 293 ; 293 
HEMAVAN TÄRNABY;POINT (15.08346176 65.80632019);GÖTEBORG/LANDVETTER;POINT (12.28727818 57.66451263); 918 ; 920 
HEMAVAN TÄRNABY;POINT (15.08346176 65.80632019);UMEÅ;POINT (20.28625488 63.79077911); 333 ; 334 
HEMAVAN TÄRNABY;POINT (15.08346176 65.80632019);ÖRNSKÖLDSVIK;POINT (18.71602058 63.28886032); 327 ; 327 
JÖNKÖPING;POINT (14.16571903 57.78256226);HALMSTAD;POINT (12.85748291 56.67398071); 141 ; 141 
JÖNKÖPING;POINT (14.16571903 57.78256226);SKELLEFTEÅ;POINT (21.08051109 64.6242218); 849 ; 708 
JÖNKÖPING;POINT (14.16571903 57.78256226);STOCKHOLM/ARLANDA;POINT (17.93861961 59.64980316); 307 ; 307 
JÖNKÖPING;POINT (14.16571903 57.78256226);SUNDSVALL TIMRÅ;POINT (17.3071022 62.3907547); 563 ; 563 
JÖNKÖPING;POINT (14.16571903 57.78256226);ÖRNSKÖLDSVIK;POINT (18.71602058 63.28886032); 683 ; 684 
JÖNKÖPING;POINT (14.16571903 57.78256226);BORLÄNGE;POINT (15.51051712 60.42327499); 307 ; 308 
JÖNKÖPING;POINT (14.16571903 57.78256226);KARLSTAD;POINT (13.50276279 59.38091278); 192 ; 192 
JÖNKÖPING;POINT (14.16571903 57.78256226);STOCKHOLM/BROMMA;POINT (17.94678307 59.35702896); 287 ; 287 
JÖNKÖPING;POINT (14.16571903 57.78256226);ÅRE ÖSTERSUND;POINT (16.6271988 59.60213195); 604 ; 605 
JÖNKÖPING;POINT (14.16571903 57.78256226);LULEÅ;POINT (22.11975479 65.54638672); 963 ; 896 
JÖNKÖPING;POINT (14.16571903 57.78256226);VÄXJÖ/KRONOBERG;POINT (14.7322894 56.92434045); 100 ; 101 
JÖNKÖPING;POINT (14.16571903 57.78256226);KRISTIANSTAD;POINT (14.08672428 55.91998291); 205 ; 205 
JÖNKÖPING;POINT (14.16571903 57.78256226);GÖTEBORG/LANDVETTER;POINT (12.28727818 57.66451263); 107 ; 107 
JÖNKÖPING;POINT (14.16571903 57.78256226);JÖNKÖPING;POINT (14.16571903 57.78256226); 30 ; 30 
JÖNKÖPING;POINT (14.16571903 57.78256226);MALMÖ;POINT (13.3716898 55.53546143); 251 ; 251 
JÖNKÖPING;POINT (14.16571903 57.78256226);KIRUNA;POINT (20.33342934 67.8212738); 1 162 ; 1 164 
JÖNKÖPING;POINT (14.16571903 57.78256226);STOCKHOLM/VÄSTERÅS;POINT (16.54636765 59.61109924); 252 ; 252 
JÖNKÖPING;POINT (14.16571903 57.78256226);VISBY;POINT (18.34523964 57.66231918); 254 ; 210 
JÖNKÖPING;POINT (14.16571903 57.78256226);UMEÅ;POINT (20.28625488 63.79077911); 751 ; 588 
JÖNKÖPING;POINT (14.16571903 57.78256226);STOCKHOLM/SKAVSTA;POINT (16.92242432 58.78472519); 202 ; 202 
JÖNKÖPING;POINT (14.16571903 57.78256226);ÄNGELHOLM;POINT (16.6271988 59.60213195); 179 ; 180 
JÖNKÖPING;POINT (14.16571903 57.78256226);KALMAR;POINT (16.28347778 56.68473816); 180 ; 180 
JÖNKÖPING;POINT (14.16571903 57.78256226);RONNEBY;POINT (15.27101803 56.26460266); 182 ; 182 
JÖNKÖPING;POINT (14.16571903 57.78256226);LINKÖPING;POINT (15.62452507 58.40981293); 119 ; 119 
JÖNKÖPING;POINT (14.16571903 57.78256226);TROLLHÄTTAN/VÄNERSBORG;POINT (12.34457207 58.31798935); 119 ; 120 
JÖNKÖPING;POINT (14.16571903 57.78256226);KRAMFORS-SOLLEFTEÅ;POINT (17.76606178 63.04914474); 623 ; 623 
JÖNKÖPING;POINT (14.16571903 57.78256226);ÖREBRO;POINT (15.05159173 59.24286598); 173 ; 173 
KALMAR;POINT (16.28347778 56.68473816);STOCKHOLM/ARLANDA;POINT (17.93861961 59.64980316); 344 ; 344 
KALMAR;POINT (16.28347778 56.68473816);STOCKHOLM/BROMMA;POINT (17.94678307 59.35702896); 313 ; 290 
KALMAR;POINT (16.28347778 56.68473816);VISBY;POINT (18.34523964 57.66231918); 166 ; 145 
KALMAR;POINT (16.28347778 56.68473816);RONNEBY;POINT (15.27101803 56.26460266); 78 ; 78 
KALMAR;POINT (16.28347778 56.68473816);STOCKHOLM/SKAVSTA;POINT (16.92242432 58.78472519); 237 ; 238 
KALMAR;POINT (16.28347778 56.68473816);ÅRE ÖSTERSUND;POINT (16.6271988 59.60213195); 731 ; 732 
KALMAR;POINT (16.28347778 56.68473816);SUNDSVALL TIMRÅ;POINT (17.3071022 62.3907547); 654 ; 655 
KALMAR;POINT (16.28347778 56.68473816);VÄXJÖ/KRONOBERG;POINT (14.7322894 56.92434045); 99 ; 99 
KALMAR;POINT (16.28347778 56.68473816);JÖNKÖPING;POINT (14.16571903 57.78256226); 180 ; 180 
KALMAR;POINT (16.28347778 56.68473816);KARLSTAD;POINT (13.50276279 59.38091278); 352 ; 353 
KALMAR;POINT (16.28347778 56.68473816);GÖTEBORG/LANDVETTER;POINT (12.28727818 57.66451263); 265 ; 266 
KALMAR;POINT (16.28347778 56.68473816);HALMSTAD;POINT (12.85748291 56.67398071); 212 ; 213 
KALMAR;POINT (16.28347778 56.68473816);ÄNGELHOLM;POINT (16.6271988 59.60213195); 216 ; 216 
KALMAR;POINT (16.28347778 56.68473816);KRISTIANSTAD;POINT (14.08672428 55.91998291); 160 ; 160 
KALMAR;POINT (16.28347778 56.68473816);KIRUNA;POINT (20.33342934 67.8212738); 1 259 ; 1 259 
KALMAR;POINT (16.28347778 56.68473816);BORLÄNGE;POINT (15.51051712 60.42327499); 418 ; 419 
KALMAR;POINT (16.28347778 56.68473816);KALMAR;POINT (16.28347778 56.68473816); 30 ; 30 
KALMAR;POINT (16.28347778 56.68473816);SKELLEFTEÅ;POINT (21.08051109 64.6242218); 920 ; 612 
KALMAR;POINT (16.28347778 56.68473816);LINKÖPING;POINT (15.62452507 58.40981293); 196 ; 196 
KALMAR;POINT (16.28347778 56.68473816);MALMÖ;POINT (13.3716898 55.53546143); 221 ; 222 
KALMAR;POINT (16.28347778 56.68473816);LULEÅ;POINT (22.11975479 65.54638672); 1 034 ; 711 
KALMAR;POINT (16.28347778 56.68473816);UMEÅ;POINT (20.28625488 63.79077911); 822 ; 822 
KARLSTAD;POINT (13.50276279 59.38091278);GÖTEBORG/LANDVETTER;POINT (12.28727818 57.66451263); 207 ; 208 
KARLSTAD;POINT (13.50276279 59.38091278);LINKÖPING;POINT (15.62452507 58.40981293); 176 ; 177 
KARLSTAD;POINT (13.50276279 59.38091278);SKELLEFTEÅ;POINT (21.08051109 64.6242218); 702 ; 704 
KARLSTAD;POINT (13.50276279 59.38091278);STOCKHOLM/ARLANDA;POINT (17.93861961 59.64980316); 261 ; 261 
KARLSTAD;POINT (13.50276279 59.38091278);SUNDSVALL TIMRÅ;POINT (17.3071022 62.3907547); 408 ; 409 
KARLSTAD;POINT (13.50276279 59.38091278);JÖNKÖPING;POINT (14.16571903 57.78256226); 192 ; 192 
KARLSTAD;POINT (13.50276279 59.38091278);LULEÅ;POINT (22.11975479 65.54638672); 814 ; 816 
KARLSTAD;POINT (13.50276279 59.38091278);ÖRNSKÖLDSVIK;POINT (18.71602058 63.28886032); 534 ; 535 
KARLSTAD;POINT (13.50276279 59.38091278);MALMÖ;POINT (13.3716898 55.53546143); 434 ; 434 
KARLSTAD;POINT (13.50276279 59.38091278);UMEÅ;POINT (20.28625488 63.79077911); 606 ; 608 
KARLSTAD;POINT (13.50276279 59.38091278);TROLLHÄTTAN/VÄNERSBORG;POINT (12.34457207 58.31798935); 137 ; 137 
KARLSTAD;POINT (13.50276279 59.38091278);ÄNGELHOLM;POINT (16.6271988 59.60213195); 351 ; 352 
KARLSTAD;POINT (13.50276279 59.38091278);ÖREBRO;POINT (15.05159173 59.24286598); 100 ; 100 
KARLSTAD;POINT (13.50276279 59.38091278);KRAMFORS-SOLLEFTEÅ;POINT (17.76606178 63.04914474); 466 ; 467 
KARLSTAD;POINT (13.50276279 59.38091278);BORLÄNGE;POINT (15.51051712 60.42327499); 163 ; 163 
KARLSTAD;POINT (13.50276279 59.38091278);KARLSTAD;POINT (13.50276279 59.38091278); 30 ; 30 
KARLSTAD;POINT (13.50276279 59.38091278);VÄXJÖ/KRONOBERG;POINT (14.7322894 56.92434045); 291 ; 291 
KARLSTAD;POINT (13.50276279 59.38091278);ÅRE ÖSTERSUND;POINT (16.6271988 59.60213195); 422 ; 422 
KARLSTAD;POINT (13.50276279 59.38091278);VISBY;POINT (18.34523964 57.66231918); 351 ; 292 
KARLSTAD;POINT (13.50276279 59.38091278);STOCKHOLM/BROMMA;POINT (17.94678307 59.35702896); 260 ; 261 
KARLSTAD;POINT (13.50276279 59.38091278);HALMSTAD;POINT (12.85748291 56.67398071); 307 ; 308 
KARLSTAD;POINT (13.50276279 59.38091278);KRISTIANSTAD;POINT (14.08672428 55.91998291); 394 ; 395 
KARLSTAD;POINT (13.50276279 59.38091278);KALMAR;POINT (16.28347778 56.68473816); 352 ; 353 
KARLSTAD;POINT (13.50276279 59.38091278);SVEG;POINT (16.6271988 59.60213195); 296 ; 297 
KIRUNA;POINT (20.33342934 67.8212738);LULEÅ;POINT (22.11975479 65.54638672); 265 ; 266 
KIRUNA;POINT (20.33342934 67.8212738);SKELLEFTEÅ;POINT (21.08051109 64.6242218); 357 ; 358 
KIRUNA;POINT (20.33342934 67.8212738);STOCKHOLM/ARLANDA;POINT (17.93861961 59.64980316); 918 ; 702 
KIRUNA;POINT (20.33342934 67.8212738);SUNDSVALL TIMRÅ;POINT (17.3071022 62.3907547); 603 ; 605 
KIRUNA;POINT (20.33342934 67.8212738);ÅRE ÖSTERSUND;POINT (16.6271988 59.60213195); 581 ; 582 
KIRUNA;POINT (20.33342934 67.8212738);ÖRNSKÖLDSVIK;POINT (18.71602058 63.28886032); 494 ; 496 
KIRUNA;POINT (20.33342934 67.8212738);ARVIDSJAUR;POINT (19.27456284 65.59220886); 252 ; 253 
KIRUNA;POINT (20.33342934 67.8212738);GÖTEBORG/LANDVETTER;POINT (12.28727818 57.66451263); 1 199 ; 1 203 
KIRUNA;POINT (20.33342934 67.8212738);STOCKHOLM/BROMMA;POINT (17.94678307 59.35702896); 948 ; 730 
KIRUNA;POINT (20.33342934 67.8212738);UMEÅ;POINT (20.28625488 63.79077911); 449 ; 449 
KIRUNA;POINT (20.33342934 67.8212738);SVEG;POINT (16.6271988 59.60213195); 699 ; 701 
KIRUNA;POINT (20.33342934 67.8212738);VISBY;POINT (18.34523964 57.66231918); 1 133 ; 786 
KIRUNA;POINT (20.33342934 67.8212738);KRISTIANSTAD;POINT (14.08672428 55.91998291); 1 361 ; 1 365 
KIRUNA;POINT (20.33342934 67.8212738);RONNEBY;POINT (15.27101803 56.26460266); 1 311 ; 1 314 
KIRUNA;POINT (20.33342934 67.8212738);KRAMFORS-SOLLEFTEÅ;POINT (17.76606178 63.04914474); 543 ; 545 
KIRUNA;POINT (20.33342934 67.8212738);KARLSTAD;POINT (13.50276279 59.38091278); 992 ; 995 
KIRUNA;POINT (20.33342934 67.8212738);KIRUNA;POINT (20.33342934 67.8212738); 30 ; 30 
KIRUNA;POINT (20.33342934 67.8212738);STOCKHOLM/SKAVSTA;POINT (16.92242432 58.78472519); 1 018 ; 975 
KIRUNA;POINT (20.33342934 67.8212738);JÖNKÖPING;POINT (14.16571903 57.78256226); 1 162 ; 1 164 
KIRUNA;POINT (20.33342934 67.8212738);STOCKHOLM/VÄSTERÅS;POINT (16.54636765 59.61109924); 933 ; 935 
KIRUNA;POINT (20.33342934 67.8212738);GÄLLIVARE;POINT (20.81499672 67.13253784); 79 ; 80 
KIRUNA;POINT (20.33342934 67.8212738);ÄNGELHOLM;POINT (16.6271988 59.60213195); 1 338 ; 1 341 
KIRUNA;POINT (20.33342934 67.8212738);BORLÄNGE;POINT (15.51051712 60.42327499); 855 ; 857 
KIRUNA;POINT (20.33342934 67.8212738);HALMSTAD;POINT (12.85748291 56.67398071); 1 295 ; 1 298 
KIRUNA;POINT (20.33342934 67.8212738);VÄXJÖ/KRONOBERG;POINT (14.7322894 56.92434045); 1 244 ; 1 247 
KIRUNA;POINT (20.33342934 67.8212738);LINKÖPING;POINT (15.62452507 58.40981293); 1 071 ; 1 074 
KIRUNA;POINT (20.33342934 67.8212738);MALMÖ;POINT (13.3716898 55.53546143); 1 412 ; 1 415 
KIRUNA;POINT (20.33342934 67.8212738);ÖREBRO;POINT (15.05159173 59.24286598); 1 718 ; 1 718 
KRAMFORS-SOLLEFTEÅ;POINT (17.76606178 63.04914474);GÄLLIVARE;POINT (20.81499672 67.13253784); 477 ; 477 
KRAMFORS-SOLLEFTEÅ;POINT (17.76606178 63.04914474);KIRUNA;POINT (20.33342934 67.8212738); 543 ; 545 
KRAMFORS-SOLLEFTEÅ;POINT (17.76606178 63.04914474);STOCKHOLM/ARLANDA;POINT (17.93861961 59.64980316); 379 ; 292 
KRAMFORS-SOLLEFTEÅ;POINT (17.76606178 63.04914474);LYCKSELE;POINT (18.71338844 64.54975128); 174 ; 174 
KRAMFORS-SOLLEFTEÅ;POINT (17.76606178 63.04914474);VILHELMINA;POINT (16.65439224 64.6257019); 177 ; 177 
KRAMFORS-SOLLEFTEÅ;POINT (17.76606178 63.04914474);SUNDSVALL TIMRÅ;POINT (17.3071022 62.3907547); 60 ; 60 
KRAMFORS-SOLLEFTEÅ;POINT (17.76606178 63.04914474);GÖTEBORG/LANDVETTER;POINT (12.28727818 57.66451263); 671 ; 672 
KRAMFORS-SOLLEFTEÅ;POINT (17.76606178 63.04914474);UMEÅ;POINT (20.28625488 63.79077911); 150 ; 150 
KRAMFORS-SOLLEFTEÅ;POINT (17.76606178 63.04914474);STOCKHOLM/BROMMA;POINT (17.94678307 59.35702896); 410 ; 326 
KRAMFORS-SOLLEFTEÅ;POINT (17.76606178 63.04914474);ARVIDSJAUR;POINT (19.27456284 65.59220886); 293 ; 293 
KRAMFORS-SOLLEFTEÅ;POINT (17.76606178 63.04914474);VISBY;POINT (18.34523964 57.66231918); 599 ; 386 
KRAMFORS-SOLLEFTEÅ;POINT (17.76606178 63.04914474);ÖRNSKÖLDSVIK;POINT (18.71602058 63.28886032); 73 ; 73 
KRAMFORS-SOLLEFTEÅ;POINT (17.76606178 63.04914474);HEMAVAN TÄRNABY;POINT (15.08346176 65.80632019); 333 ; 333 
KRAMFORS-SOLLEFTEÅ;POINT (17.76606178 63.04914474);LULEÅ;POINT (22.11975479 65.54638672); 348 ; 349 
KRAMFORS-SOLLEFTEÅ;POINT (17.76606178 63.04914474);SVEG;POINT (16.6271988 59.60213195); 277 ; 277 
KRISTIANSTAD;POINT (14.08672428 55.91998291);STOCKHOLM/ARLANDA;POINT (17.93861961 59.64980316); 474 ; 474 
KRISTIANSTAD;POINT (14.08672428 55.91998291);HALMSTAD;POINT (12.85748291 56.67398071); 116 ; 116 
KRISTIANSTAD;POINT (14.08672428 55.91998291);VISBY;POINT (18.34523964 57.66231918); 324 ; 307 
KRISTIANSTAD;POINT (14.08672428 55.91998291);STOCKHOLM/BROMMA;POINT (17.94678307 59.35702896); 446 ; 447 
KRISTIANSTAD;POINT (14.08672428 55.91998291);ÖREBRO;POINT (15.05159173 59.24286598); 372 ; 373 
KRISTIANSTAD;POINT (14.08672428 55.91998291);VÄXJÖ/KRONOBERG;POINT (14.7322894 56.92434045); 119 ; 119 
KRISTIANSTAD;POINT (14.08672428 55.91998291);UMEÅ;POINT (20.28625488 63.79077911); 940 ; 669 
KRISTIANSTAD;POINT (14.08672428 55.91998291);GÖTEBORG/LANDVETTER;POINT (12.28727818 57.66451263); 223 ; 223 
KRISTIANSTAD;POINT (14.08672428 55.91998291);JÖNKÖPING;POINT (14.16571903 57.78256226); 205 ; 205 
KRISTIANSTAD;POINT (14.08672428 55.91998291);STOCKHOLM/SKAVSTA;POINT (16.92242432 58.78472519); 361 ; 362 
KRISTIANSTAD;POINT (14.08672428 55.91998291);TROLLHÄTTAN/VÄNERSBORG;POINT (12.34457207 58.31798935); 287 ; 287 
KRISTIANSTAD;POINT (14.08672428 55.91998291);BORLÄNGE;POINT (15.51051712 60.42327499); 509 ; 509 
KRISTIANSTAD;POINT (14.08672428 55.91998291);MALMÖ;POINT (13.3716898 55.53546143); 62 ; 62 
KRISTIANSTAD;POINT (14.08672428 55.91998291);KARLSTAD;POINT (13.50276279 59.38091278); 394 ; 395 
KRISTIANSTAD;POINT (14.08672428 55.91998291);LINKÖPING;POINT (15.62452507 58.40981293); 293 ; 293 
KRISTIANSTAD;POINT (14.08672428 55.91998291);KALMAR;POINT (16.28347778 56.68473816); 160 ; 160 
KRISTIANSTAD;POINT (14.08672428 55.91998291);LULEÅ;POINT (22.11975479 65.54638672); 1 154 ; 889 
KRISTIANSTAD;POINT (14.08672428 55.91998291);KRISTIANSTAD;POINT (14.08672428 55.91998291); 30 ; 30 
KRISTIANSTAD;POINT (14.08672428 55.91998291);RONNEBY;POINT (15.27101803 56.26460266); 83 ; 83 
KRISTIANSTAD;POINT (14.08672428 55.91998291);LYCKSELE;POINT (18.71338844 64.54975128); 995 ; 995 
KRISTIANSTAD;POINT (14.08672428 55.91998291);KRAMFORS-SOLLEFTEÅ;POINT (17.76606178 63.04914474); 820 ; 820 
LINKÖPING;POINT (15.62452507 58.40981293);KARLSTAD;POINT (13.50276279 59.38091278); 176 ; 177 
LINKÖPING;POINT (15.62452507 58.40981293);LULEÅ;POINT (22.11975479 65.54638672); 861 ; 596 
LINKÖPING;POINT (15.62452507 58.40981293);SKELLEFTEÅ;POINT (21.08051109 64.6242218); 747 ; 481 
LINKÖPING;POINT (15.62452507 58.40981293);STOCKHOLM/ARLANDA;POINT (17.93861961 59.64980316); 189 ; 190 
LINKÖPING;POINT (15.62452507 58.40981293);STOCKHOLM/BROMMA;POINT (17.94678307 59.35702896); 167 ; 168 
LINKÖPING;POINT (15.62452507 58.40981293);VISBY;POINT (18.34523964 57.66231918); 177 ; 123 
LINKÖPING;POINT (15.62452507 58.40981293);GÖTEBORG/LANDVETTER;POINT (12.28727818 57.66451263); 217 ; 218 
LINKÖPING;POINT (15.62452507 58.40981293);SUNDSVALL TIMRÅ;POINT (17.3071022 62.3907547); 468 ; 469 
LINKÖPING;POINT (15.62452507 58.40981293);LINKÖPING;POINT (15.62452507 58.40981293); 30 ; 30 
LINKÖPING;POINT (15.62452507 58.40981293);ÖRNSKÖLDSVIK;POINT (18.71602058 63.28886032); 584 ; 519 
LINKÖPING;POINT (15.62452507 58.40981293);JÖNKÖPING;POINT (14.16571903 57.78256226); 119 ; 119 
LINKÖPING;POINT (15.62452507 58.40981293);ÖREBRO;POINT (15.05159173 59.24286598); 98 ; 99 
LINKÖPING;POINT (15.62452507 58.40981293);BORLÄNGE;POINT (15.51051712 60.42327499); 225 ; 225 
LINKÖPING;POINT (15.62452507 58.40981293);UMEÅ;POINT (20.28625488 63.79077911); 647 ; 377 
LINKÖPING;POINT (15.62452507 58.40981293);HALMSTAD;POINT (12.85748291 56.67398071); 256 ; 256 
LINKÖPING;POINT (15.62452507 58.40981293);ÅRE ÖSTERSUND;POINT (16.6271988 59.60213195); 535 ; 536 
LINKÖPING;POINT (15.62452507 58.40981293);VÄXJÖ/KRONOBERG;POINT (14.7322894 56.92434045); 174 ; 174 
LINKÖPING;POINT (15.62452507 58.40981293);KALMAR;POINT (16.28347778 56.68473816); 196 ; 196 
LINKÖPING;POINT (15.62452507 58.40981293);ARVIDSJAUR;POINT (19.27456284 65.59220886); 822 ; 822 
LULEÅ;POINT (22.11975479 65.54638672);GÖTEBORG/LANDVETTER;POINT (12.28727818 57.66451263); 1 019 ; 1 019 
LULEÅ;POINT (22.11975479 65.54638672);KARLSTAD;POINT (13.50276279 59.38091278); 814 ; 816 
LULEÅ;POINT (22.11975479 65.54638672);KIRUNA;POINT (20.33342934 67.8212738); 265 ; 266 
LULEÅ;POINT (22.11975479 65.54638672);LINKÖPING;POINT (15.62452507 58.40981293); 861 ; 596 
LULEÅ;POINT (22.11975479 65.54638672);PAJALA;POINT (23.36472893 67.20903778); 194 ; 194 
LULEÅ;POINT (22.11975479 65.54638672);STOCKHOLM/ARLANDA;POINT (17.93861961 59.64980316); 691 ; 366 
LULEÅ;POINT (22.11975479 65.54638672);SUNDSVALL TIMRÅ;POINT (17.3071022 62.3907547); 406 ; 407 
LULEÅ;POINT (22.11975479 65.54638672);UMEÅ;POINT (20.28625488 63.79077911); 214 ; 214 
LULEÅ;POINT (22.11975479 65.54638672);ÅRE ÖSTERSUND;POINT (16.6271988 59.60213195); 450 ; 452 
LULEÅ;POINT (22.11975479 65.54638672);ÖRNSKÖLDSVIK;POINT (18.71602058 63.28886032); 281 ; 282 
LULEÅ;POINT (22.11975479 65.54638672);MALMÖ;POINT (13.3716898 55.53546143); 1 209 ; 1 001 
LULEÅ;POINT (22.11975479 65.54638672);BORLÄNGE;POINT (15.51051712 60.42327499); 660 ; 662 
LULEÅ;POINT (22.11975479 65.54638672);HALMSTAD;POINT (12.85748291 56.67398071); 1 102 ; 1 105 
LULEÅ;POINT (22.11975479 65.54638672);SKELLEFTEÅ;POINT (21.08051109 64.6242218); 114 ; 115 
LULEÅ;POINT (22.11975479 65.54638672);ARVIDSJAUR;POINT (19.27456284 65.59220886); 131 ; 131 
LULEÅ;POINT (22.11975479 65.54638672);JÖNKÖPING;POINT (14.16571903 57.78256226); 963 ; 896 
LULEÅ;POINT (22.11975479 65.54638672);STOCKHOLM/BROMMA;POINT (17.94678307 59.35702896); 722 ; 393 
LULEÅ;POINT (22.11975479 65.54638672);ÄNGELHOLM;POINT (16.6271988 59.60213195); 1 142 ; 1 122 
LULEÅ;POINT (22.11975479 65.54638672);LULEÅ;POINT (22.11975479 65.54638672); 30 ; 30 
LULEÅ;POINT (22.11975479 65.54638672);VISBY;POINT (18.34523964 57.66231918); 898 ; 388 
LULEÅ;POINT (22.11975479 65.54638672);STOCKHOLM/SKAVSTA;POINT (16.92242432 58.78472519); 798 ; 486 
LULEÅ;POINT (22.11975479 65.54638672);GÄLLIVARE;POINT (20.81499672 67.13253784); 185 ; 186 
LULEÅ;POINT (22.11975479 65.54638672);KRAMFORS-SOLLEFTEÅ;POINT (17.76606178 63.04914474); 348 ; 349 
LULEÅ;POINT (22.11975479 65.54638672);SVEG;POINT (16.6271988 59.60213195); 542 ; 544 
LULEÅ;POINT (22.11975479 65.54638672);STOCKHOLM/VÄSTERÅS;POINT (16.54636765 59.61109924); 719 ; 449 
LULEÅ;POINT (22.11975479 65.54638672);VÄXJÖ/KRONOBERG;POINT (14.7322894 56.92434045); 1 035 ; 769 
LULEÅ;POINT (22.11975479 65.54638672);KALMAR;POINT (16.28347778 56.68473816); 1 034 ; 711 
LULEÅ;POINT (22.11975479 65.54638672);RONNEBY;POINT (15.27101803 56.26460266); 1 096 ; 799 
LULEÅ;POINT (22.11975479 65.54638672);ÖREBRO;POINT (15.05159173 59.24286598); 791 ; 789 
LULEÅ;POINT (22.11975479 65.54638672);TROLLHÄTTAN/VÄNERSBORG;POINT (12.34457207 58.31798935); 951 ; 953 
LYCKSELE;POINT (18.71338844 64.54975128);ARVIDSJAUR;POINT (19.27456284 65.59220886); 119 ; 119 
LYCKSELE;POINT (18.71338844 64.54975128);STOCKHOLM/ARLANDA;POINT (17.93861961 59.64980316); 547 ; 362 
LYCKSELE;POINT (18.71338844 64.54975128);VILHELMINA;POINT (16.65439224 64.6257019); 90 ; 90 
LYCKSELE;POINT (18.71338844 64.54975128);KRAMFORS-SOLLEFTEÅ;POINT (17.76606178 63.04914474); 174 ; 174 
LYCKSELE;POINT (18.71338844 64.54975128);HEMAVAN TÄRNABY;POINT (15.08346176 65.80632019); 221 ; 221 
LYCKSELE;POINT (18.71338844 64.54975128);GÄLLIVARE;POINT (20.81499672 67.13253784); 304 ; 304 
LYCKSELE;POINT (18.71338844 64.54975128);STOCKHOLM/BROMMA;POINT (17.94678307 59.35702896); 579 ; 392 
LYCKSELE;POINT (18.71338844 64.54975128);ÖRNSKÖLDSVIK;POINT (18.71602058 63.28886032); 127 ; 127 
LYCKSELE;POINT (18.71338844 64.54975128);UMEÅ;POINT (20.28625488 63.79077911); 113 ; 114 
LYCKSELE;POINT (18.71338844 64.54975128);LULEÅ;POINT (22.11975479 65.54638672); 194 ; 195 
LYCKSELE;POINT (18.71338844 64.54975128);ÅRE ÖSTERSUND;POINT (16.6271988 59.60213195); 256 ; 257 
LYCKSELE;POINT (18.71338844 64.54975128);KRISTIANSTAD;POINT (14.08672428 55.91998291); 995 ; 995 
LYCKSELE;POINT (18.71338844 64.54975128);MALMÖ;POINT (13.3716898 55.53546143); 1 044 ; 1 046 
LYCKSELE;POINT (18.71338844 64.54975128);LYCKSELE;POINT (18.71338844 64.54975128); 30 ; 30 
MALMÖ;POINT (13.3716898 55.53546143);GÖTEBORG/LANDVETTER;POINT (12.28727818 57.66451263); 246 ; 246 
MALMÖ;POINT (13.3716898 55.53546143);STOCKHOLM/ARLANDA;POINT (17.93861961 59.64980316); 533 ; 533 
MALMÖ;POINT (13.3716898 55.53546143);STOCKHOLM/BROMMA;POINT (17.94678307 59.35702896); 506 ; 506 
MALMÖ;POINT (13.3716898 55.53546143);ÖREBRO;POINT (15.05159173 59.24286598); 423 ; 423 
MALMÖ;POINT (13.3716898 55.53546143);JÖNKÖPING;POINT (14.16571903 57.78256226); 251 ; 251 
MALMÖ;POINT (13.3716898 55.53546143);LULEÅ;POINT (22.11975479 65.54638672); 1 209 ; 1 001 
MALMÖ;POINT (13.3716898 55.53546143);KARLSTAD;POINT (13.50276279 59.38091278); 434 ; 434 
MALMÖ;POINT (13.3716898 55.53546143);SUNDSVALL TIMRÅ;POINT (17.3071022 62.3907547); 812 ; 813 
MALMÖ;POINT (13.3716898 55.53546143);ÄNGELHOLM;POINT (16.6271988 59.60213195); 89 ; 90 
MALMÖ;POINT (13.3716898 55.53546143);BORLÄNGE;POINT (15.51051712 60.42327499); 557 ; 558 
MALMÖ;POINT (13.3716898 55.53546143);KIRUNA;POINT (20.33342934 67.8212738); 1 412 ; 1 415 
MALMÖ;POINT (13.3716898 55.53546143);UMEÅ;POINT (20.28625488 63.79077911); 997 ; 739 
MALMÖ;POINT (13.3716898 55.53546143);KRISTIANSTAD;POINT (14.08672428 55.91998291); 62 ; 62 
MALMÖ;POINT (13.3716898 55.53546143);STOCKHOLM/SKAVSTA;POINT (16.92242432 58.78472519); 420 ; 420 
MALMÖ;POINT (13.3716898 55.53546143);ÅRE ÖSTERSUND;POINT (16.6271988 59.60213195); 853 ; 855 
MALMÖ;POINT (13.3716898 55.53546143);KRAMFORS-SOLLEFTEÅ;POINT (17.76606178 63.04914474); 871 ; 873 
MALMÖ;POINT (13.3716898 55.53546143);KALMAR;POINT (16.28347778 56.68473816); 221 ; 222 
MALMÖ;POINT (13.3716898 55.53546143);MALMÖ;POINT (13.3716898 55.53546143); 30 ; 30 
MALMÖ;POINT (13.3716898 55.53546143);VÄXJÖ/KRONOBERG;POINT (14.7322894 56.92434045); 176 ; 176 
MALMÖ;POINT (13.3716898 55.53546143);VISBY;POINT (18.34523964 57.66231918); 386 ; 368 
MALMÖ;POINT (13.3716898 55.53546143);RONNEBY;POINT (15.27101803 56.26460266); 143 ; 143 
MALMÖ;POINT (13.3716898 55.53546143);STOCKHOLM/VÄSTERÅS;POINT (16.54636765 59.61109924); 490 ; 491 
MALMÖ;POINT (13.3716898 55.53546143);LINKÖPING;POINT (15.62452507 58.40981293); 348 ; 349 
MALMÖ;POINT (13.3716898 55.53546143);ÖRNSKÖLDSVIK;POINT (18.71602058 63.28886032); 930 ; 932 
MALMÖ;POINT (13.3716898 55.53546143);TROLLHÄTTAN/VÄNERSBORG;POINT (12.34457207 58.31798935); 315 ; 316 
MALMÖ;POINT (13.3716898 55.53546143);SKELLEFTEÅ;POINT (21.08051109 64.6242218); 1 095 ; 869 
MALMÖ;POINT (13.3716898 55.53546143);ARVIDSJAUR;POINT (19.27456284 65.59220886); 1 162 ; 1 165 
MALMÖ;POINT (13.3716898 55.53546143);HALMSTAD;POINT (12.85748291 56.67398071); 132 ; 133 
ÖREBRO;POINT (15.05159173 59.24286598);BORLÄNGE;POINT (15.51051712 60.42327499); 135 ; 135 
ÖREBRO;POINT (15.05159173 59.24286598);MALMÖ;POINT (13.3716898 55.53546143); 423 ; 423 
ÖREBRO;POINT (15.05159173 59.24286598);STOCKHOLM/ARLANDA;POINT (17.93861961 59.64980316); 171 ; 171 
ÖREBRO;POINT (15.05159173 59.24286598);GÖTEBORG/LANDVETTER;POINT (12.28727818 57.66451263); 237 ; 238 
ÖREBRO;POINT (15.05159173 59.24286598);LINKÖPING;POINT (15.62452507 58.40981293); 98 ; 99 
ÖREBRO;POINT (15.05159173 59.24286598);HALMSTAD;POINT (12.85748291 56.67398071); 311 ; 312 
ÖREBRO;POINT (15.05159173 59.24286598);ARVIDSJAUR;POINT (19.27456284 65.59220886); 740 ; 742 
ÖREBRO;POINT (15.05159173 59.24286598);UMEÅ;POINT (20.28625488 63.79077911); 578 ; 429 
ÖREBRO;POINT (15.05159173 59.24286598);SUNDSVALL TIMRÅ;POINT (17.3071022 62.3907547); 390 ; 390 
ÖREBRO;POINT (15.05159173 59.24286598);KARLSTAD;POINT (13.50276279 59.38091278); 100 ; 100 
ÖREBRO;POINT (15.05159173 59.24286598);VISBY;POINT (18.34523964 57.66231918); 259 ; 194 
ÖREBRO;POINT (15.05159173 59.24286598);STOCKHOLM/BROMMA;POINT (17.94678307 59.35702896); 165 ; 166 
ÖREBRO;POINT (15.05159173 59.24286598);VILHELMINA;POINT (16.65439224 64.6257019); 948 ; 948 
ÖREBRO;POINT (15.05159173 59.24286598);SKELLEFTEÅ;POINT (21.08051109 64.6242218); 677 ; 626 
ÖREBRO;POINT (15.05159173 59.24286598);ÖREBRO;POINT (15.05159173 59.24286598); 30 ; 30 
ÖREBRO;POINT (15.05159173 59.24286598);VÄXJÖ/KRONOBERG;POINT (14.7322894 56.92434045); 256 ; 257 
ÖREBRO;POINT (15.05159173 59.24286598);ÅRE ÖSTERSUND;POINT (16.6271988 59.60213195); 441 ; 442 
ÖREBRO;POINT (15.05159173 59.24286598);KALMAR;POINT (16.28347778 56.68473816); 293 ; 293 
ÖREBRO;POINT (15.05159173 59.24286598);LULEÅ;POINT (22.11975479 65.54638672); 791 ; 789 
ÖREBRO;POINT (15.05159173 59.24286598);ÖRNSKÖLDSVIK;POINT (18.71602058 63.28886032); 510 ; 511 
ÖREBRO;POINT (15.05159173 59.24286598);KRISTIANSTAD;POINT (14.08672428 55.91998291); 372 ; 373 
ÖREBRO;POINT (15.05159173 59.24286598);JÖNKÖPING;POINT (14.16571903 57.78256226); 173 ; 173 
ÖREBRO;POINT (15.05159173 59.24286598);TROLLHÄTTAN/VÄNERSBORG;POINT (12.34457207 58.31798935); 186 ; 186 
ÖREBRO;POINT (15.05159173 59.24286598);KRAMFORS-SOLLEFTEÅ;POINT (17.76606178 63.04914474); 449 ; 450 
ÖREBRO;POINT (15.05159173 59.24286598);ÄNGELHOLM;POINT (16.6271988 59.60213195); 352 ; 352 
ÖREBRO;POINT (15.05159173 59.24286598);RONNEBY;POINT (15.27101803 56.26460266); 331 ; 331 
ÖREBRO;POINT (15.05159173 59.24286598);HEMAVAN TÄRNABY;POINT (15.08346176 65.80632019); 351 ; 351 
ÖRNSKÖLDSVIK;POINT (18.71602058 63.28886032);GÖTEBORG/LANDVETTER;POINT (12.28727818 57.66451263); 736 ; 738 
ÖRNSKÖLDSVIK;POINT (18.71602058 63.28886032);JÖNKÖPING;POINT (14.16571903 57.78256226); 683 ; 684 
ÖRNSKÖLDSVIK;POINT (18.71602058 63.28886032);KIRUNA;POINT (20.33342934 67.8212738); 494 ; 496 
ÖRNSKÖLDSVIK;POINT (18.71602058 63.28886032);LINKÖPING;POINT (15.62452507 58.40981293); 584 ; 519 
ÖRNSKÖLDSVIK;POINT (18.71602058 63.28886032);STOCKHOLM/ARLANDA;POINT (17.93861961 59.64980316); 423 ; 200 
ÖRNSKÖLDSVIK;POINT (18.71602058 63.28886032);SUNDSVALL TIMRÅ;POINT (17.3071022 62.3907547); 125 ; 126 
ÖRNSKÖLDSVIK;POINT (18.71602058 63.28886032);KARLSTAD;POINT (13.50276279 59.38091278); 534 ; 535 
ÖRNSKÖLDSVIK;POINT (18.71602058 63.28886032);SKELLEFTEÅ;POINT (21.08051109 64.6242218); 169 ; 170 
ÖRNSKÖLDSVIK;POINT (18.71602058 63.28886032);UMEÅ;POINT (20.28625488 63.79077911); 77 ; 77 
ÖRNSKÖLDSVIK;POINT (18.71602058 63.28886032);LULEÅ;POINT (22.11975479 65.54638672); 281 ; 282 
ÖRNSKÖLDSVIK;POINT (18.71602058 63.28886032);ÖREBRO;POINT (15.05159173 59.24286598); 510 ; 511 
ÖRNSKÖLDSVIK;POINT (18.71602058 63.28886032);ÄNGELHOLM;POINT (16.6271988 59.60213195); 862 ; 864 
ÖRNSKÖLDSVIK;POINT (18.71602058 63.28886032);STOCKHOLM/BROMMA;POINT (17.94678307 59.35702896); 454 ; 229 
ÖRNSKÖLDSVIK;POINT (18.71602058 63.28886032);GÄLLIVARE;POINT (20.81499672 67.13253784); 422 ; 423 
ÖRNSKÖLDSVIK;POINT (18.71602058 63.28886032);ÅRE ÖSTERSUND;POINT (16.6271988 59.60213195); 226 ; 226 
ÖRNSKÖLDSVIK;POINT (18.71602058 63.28886032);RONNEBY;POINT (15.27101803 56.26460266); 821 ; 685 
ÖRNSKÖLDSVIK;POINT (18.71602058 63.28886032);MALMÖ;POINT (13.3716898 55.53546143); 930 ; 932 
ÖRNSKÖLDSVIK;POINT (18.71602058 63.28886032);VISBY;POINT (18.34523964 57.66231918); 639 ; 318 
ÖRNSKÖLDSVIK;POINT (18.71602058 63.28886032);VÄXJÖ/KRONOBERG;POINT (14.7322894 56.92434045); 758 ; 724 
ÖRNSKÖLDSVIK;POINT (18.71602058 63.28886032);ÖRNSKÖLDSVIK;POINT (18.71602058 63.28886032); 30 ; 30 
ÖRNSKÖLDSVIK;POINT (18.71602058 63.28886032);PAJALA;POINT (23.36472893 67.20903778); 469 ; 469 
ÖRNSKÖLDSVIK;POINT (18.71602058 63.28886032);HALMSTAD;POINT (12.85748291 56.67398071); 821 ; 823 
ÖRNSKÖLDSVIK;POINT (18.71602058 63.28886032);KRAMFORS-SOLLEFTEÅ;POINT (17.76606178 63.04914474); 73 ; 73 
ÖRNSKÖLDSVIK;POINT (18.71602058 63.28886032);STOCKHOLM/SKAVSTA;POINT (16.92242432 58.78472519); 526 ; 315 
ÖRNSKÖLDSVIK;POINT (18.71602058 63.28886032);BORLÄNGE;POINT (15.51051712 60.42327499); 379 ; 380 
ÖRNSKÖLDSVIK;POINT (18.71602058 63.28886032);ARVIDSJAUR;POINT (19.27456284 65.59220886); 243 ; 243 
ÖRNSKÖLDSVIK;POINT (18.71602058 63.28886032);VILHELMINA;POINT (16.65439224 64.6257019); 167 ; 167 
ÖRNSKÖLDSVIK;POINT (18.71602058 63.28886032);LYCKSELE;POINT (18.71338844 64.54975128); 127 ; 127 
ÖRNSKÖLDSVIK;POINT (18.71602058 63.28886032);HEMAVAN TÄRNABY;POINT (15.08346176 65.80632019); 327 ; 327 
PAJALA;POINT (23.36472893 67.20903778);LULEÅ;POINT (22.11975479 65.54638672); 194 ; 194 
PAJALA;POINT (23.36472893 67.20903778);UMEÅ;POINT (20.28625488 63.79077911); 406 ; 407 
PAJALA;POINT (23.36472893 67.20903778);PAJALA;POINT (23.36472893 67.20903778); 30 ; 30 
PAJALA;POINT (23.36472893 67.20903778);KIRUNA;POINT (20.33342934 67.8212738); 133 ; 133 
PAJALA;POINT (23.36472893 67.20903778);STOCKHOLM/ARLANDA;POINT (17.93861961 59.64980316); 882 ; 579 
PAJALA;POINT (23.36472893 67.20903778);SUNDSVALL TIMRÅ;POINT (17.3071022 62.3907547); 588 ; 589 
PAJALA;POINT (23.36472893 67.20903778);STOCKHOLM/BROMMA;POINT (17.94678307 59.35702896); 913 ; 597 
PAJALA;POINT (23.36472893 67.20903778);ÖRNSKÖLDSVIK;POINT (18.71602058 63.28886032); 469 ; 469 
PAJALA;POINT (23.36472893 67.20903778);GÖTEBORG/LANDVETTER;POINT (12.28727818 57.66451263); 1 201 ; 1 201 
RONNEBY;POINT (15.27101803 56.26460266);STOCKHOLM/ARLANDA;POINT (17.93861961 59.64980316); 409 ; 409 
RONNEBY;POINT (15.27101803 56.26460266);STOCKHOLM/BROMMA;POINT (17.94678307 59.35702896); 379 ; 379 
RONNEBY;POINT (15.27101803 56.26460266);RONNEBY;POINT (15.27101803 56.26460266); 30 ; 30 
RONNEBY;POINT (15.27101803 56.26460266);KALMAR;POINT (16.28347778 56.68473816); 78 ; 78 
RONNEBY;POINT (15.27101803 56.26460266);VÄXJÖ/KRONOBERG;POINT (14.7322894 56.92434045); 81 ; 81 
RONNEBY;POINT (15.27101803 56.26460266);VISBY;POINT (18.34523964 57.66231918); 244 ; 225 
RONNEBY;POINT (15.27101803 56.26460266);GÖTEBORG/LANDVETTER;POINT (12.28727818 57.66451263); 239 ; 240 
RONNEBY;POINT (15.27101803 56.26460266);STOCKHOLM/VÄSTERÅS;POINT (16.54636765 59.61109924); 379 ; 380 
RONNEBY;POINT (15.27101803 56.26460266);MALMÖ;POINT (13.3716898 55.53546143); 143 ; 143 
RONNEBY;POINT (15.27101803 56.26460266);SUNDSVALL TIMRÅ;POINT (17.3071022 62.3907547); 708 ; 709 
RONNEBY;POINT (15.27101803 56.26460266);LULEÅ;POINT (22.11975479 65.54638672); 1 096 ; 799 
RONNEBY;POINT (15.27101803 56.26460266);SKELLEFTEÅ;POINT (21.08051109 64.6242218); 982 ; 693 
RONNEBY;POINT (15.27101803 56.26460266);KRISTIANSTAD;POINT (14.08672428 55.91998291); 83 ; 83 
RONNEBY;POINT (15.27101803 56.26460266);LINKÖPING;POINT (15.62452507 58.40981293); 240 ; 241 
RONNEBY;POINT (15.27101803 56.26460266);ÖRNSKÖLDSVIK;POINT (18.71602058 63.28886032); 821 ; 685 
RONNEBY;POINT (15.27101803 56.26460266);ÖREBRO;POINT (15.05159173 59.24286598); 331 ; 331 
RONNEBY;POINT (15.27101803 56.26460266);STOCKHOLM/SKAVSTA;POINT (16.92242432 58.78472519); 298 ; 298 
RONNEBY;POINT (15.27101803 56.26460266);BORLÄNGE;POINT (15.51051712 60.42327499); 463 ; 464 
RONNEBY;POINT (15.27101803 56.26460266);JÖNKÖPING;POINT (14.16571903 57.78256226); 182 ; 182 
RONNEBY;POINT (15.27101803 56.26460266);ÄNGELHOLM;POINT (16.6271988 59.60213195); 149 ; 150 
SKELLEFTEÅ;POINT (21.08051109 64.6242218);GÖTEBORG/LANDVETTER;POINT (12.28727818 57.66451263); 905 ; 907 
SKELLEFTEÅ;POINT (21.08051109 64.6242218);KARLSTAD;POINT (13.50276279 59.38091278); 702 ; 704 
SKELLEFTEÅ;POINT (21.08051109 64.6242218);LINKÖPING;POINT (15.62452507 58.40981293); 747 ; 481 
SKELLEFTEÅ;POINT (21.08051109 64.6242218);STOCKHOLM/ARLANDA;POINT (17.93861961 59.64980316); 577 ; 259 
SKELLEFTEÅ;POINT (21.08051109 64.6242218);SUNDSVALL TIMRÅ;POINT (17.3071022 62.3907547); 294 ; 295 
SKELLEFTEÅ;POINT (21.08051109 64.6242218);ÖREBRO;POINT (15.05159173 59.24286598); 677 ; 626 
SKELLEFTEÅ;POINT (21.08051109 64.6242218);JÖNKÖPING;POINT (14.16571903 57.78256226); 849 ; 708 
SKELLEFTEÅ;POINT (21.08051109 64.6242218);LYCKSELE;POINT (18.71338844 64.54975128); 113 ; 113 
SKELLEFTEÅ;POINT (21.08051109 64.6242218);UMEÅ;POINT (20.28625488 63.79077911); 100 ; 100 
SKELLEFTEÅ;POINT (21.08051109 64.6242218);ÖRNSKÖLDSVIK;POINT (18.71602058 63.28886032); 169 ; 170 
SKELLEFTEÅ;POINT (21.08051109 64.6242218);STOCKHOLM/BROMMA;POINT (17.94678307 59.35702896); 607 ; 287 
SKELLEFTEÅ;POINT (21.08051109 64.6242218);ARVIDSJAUR;POINT (19.27456284 65.59220886); 137 ; 137 
SKELLEFTEÅ;POINT (21.08051109 64.6242218);LULEÅ;POINT (22.11975479 65.54638672); 114 ; 115 
SKELLEFTEÅ;POINT (21.08051109 64.6242218);ÄNGELHOLM;POINT (16.6271988 59.60213195); 1 028 ; 912 
SKELLEFTEÅ;POINT (21.08051109 64.6242218);VILHELMINA;POINT (16.65439224 64.6257019); 202 ; 203 
SKELLEFTEÅ;POINT (21.08051109 64.6242218);STOCKHOLM/SKAVSTA;POINT (16.92242432 58.78472519); 684 ; 391 
SKELLEFTEÅ;POINT (21.08051109 64.6242218);BORLÄNGE;POINT (15.51051712 60.42327499); 547 ; 549 
SKELLEFTEÅ;POINT (21.08051109 64.6242218);SKELLEFTEÅ;POINT (21.08051109 64.6242218); 30 ; 30 
SKELLEFTEÅ;POINT (21.08051109 64.6242218);KIRUNA;POINT (20.33342934 67.8212738); 357 ; 358 
SKELLEFTEÅ;POINT (21.08051109 64.6242218);VÄXJÖ/KRONOBERG;POINT (14.7322894 56.92434045); 921 ; 654 
SKELLEFTEÅ;POINT (21.08051109 64.6242218);GÄLLIVARE;POINT (20.81499672 67.13253784); 279 ; 280 
SKELLEFTEÅ;POINT (21.08051109 64.6242218);RONNEBY;POINT (15.27101803 56.26460266); 982 ; 693 
SKELLEFTEÅ;POINT (21.08051109 64.6242218);MALMÖ;POINT (13.3716898 55.53546143); 1 095 ; 869 
SKELLEFTEÅ;POINT (21.08051109 64.6242218);ÅRE ÖSTERSUND;POINT (16.6271988 59.60213195); 359 ; 360 
SKELLEFTEÅ;POINT (21.08051109 64.6242218);KALMAR;POINT (16.28347778 56.68473816); 920 ; 612 
SKELLEFTEÅ;POINT (21.08051109 64.6242218);STOCKHOLM/VÄSTERÅS;POINT (16.54636765 59.61109924); 605 ; 335 
SKELLEFTEÅ;POINT (21.08051109 64.6242218);VISBY;POINT (18.34523964 57.66231918); 786 ; 309 
STOCKHOLM/ARLANDA;POINT (17.93861961 59.64980316);ARVIDSJAUR;POINT (19.27456284 65.59220886); 665 ; 458 
STOCKHOLM/ARLANDA;POINT (17.93861961 59.64980316);BORLÄNGE;POINT (15.51051712 60.42327499); 160 ; 161 
STOCKHOLM/ARLANDA;POINT (17.93861961 59.64980316);GÄLLIVARE;POINT (20.81499672 67.13253784); 845 ; 592 
STOCKHOLM/ARLANDA;POINT (17.93861961 59.64980316);GÖTEBORG/LANDVETTER;POINT (12.28727818 57.66451263); 395 ; 396 
STOCKHOLM/ARLANDA;POINT (17.93861961 59.64980316);HAGFORS;POINT (13.57822037 60.02272034); 247 ; 248 
STOCKHOLM/ARLANDA;POINT (17.93861961 59.64980316);HALMSTAD;POINT (12.85748291 56.67398071); 446 ; 446 
STOCKHOLM/ARLANDA;POINT (17.93861961 59.64980316);HEMAVAN TÄRNABY;POINT (15.08346176 65.80632019); 700 ; 702 
STOCKHOLM/ARLANDA;POINT (17.93861961 59.64980316);JÖNKÖPING;POINT (14.16571903 57.78256226); 307 ; 307 
STOCKHOLM/ARLANDA;POINT (17.93861961 59.64980316);KALMAR;POINT (16.28347778 56.68473816); 344 ; 344 
STOCKHOLM/ARLANDA;POINT (17.93861961 59.64980316);KARLSTAD;POINT (13.50276279 59.38091278); 261 ; 261 
STOCKHOLM/ARLANDA;POINT (17.93861961 59.64980316);KIRUNA;POINT (20.33342934 67.8212738); 918 ; 702 
STOCKHOLM/ARLANDA;POINT (17.93861961 59.64980316);KRAMFORS-SOLLEFTEÅ;POINT (17.76606178 63.04914474); 379 ; 292 
STOCKHOLM/ARLANDA;POINT (17.93861961 59.64980316);KRISTIANSTAD;POINT (14.08672428 55.91998291); 474 ; 474 
STOCKHOLM/ARLANDA;POINT (17.93861961 59.64980316);LINKÖPING;POINT (15.62452507 58.40981293); 189 ; 190 
STOCKHOLM/ARLANDA;POINT (17.93861961 59.64980316);LULEÅ;POINT (22.11975479 65.54638672); 691 ; 366 
STOCKHOLM/ARLANDA;POINT (17.93861961 59.64980316);LYCKSELE;POINT (18.71338844 64.54975128); 547 ; 362 
STOCKHOLM/ARLANDA;POINT (17.93861961 59.64980316);MALMÖ;POINT (13.3716898 55.53546143); 533 ; 533 
STOCKHOLM/ARLANDA;POINT (17.93861961 59.64980316);RONNEBY;POINT (15.27101803 56.26460266); 409 ; 409 
STOCKHOLM/ARLANDA;POINT (17.93861961 59.64980316);SKELLEFTEÅ;POINT (21.08051109 64.6242218); 577 ; 259 
STOCKHOLM/ARLANDA;POINT (17.93861961 59.64980316);SUNDSVALL TIMRÅ;POINT (17.3071022 62.3907547); 322 ; 265 
STOCKHOLM/ARLANDA;POINT (17.93861961 59.64980316);TROLLHÄTTAN/VÄNERSBORG;POINT (12.34457207 58.31798935); 354 ; 354 
STOCKHOLM/ARLANDA;POINT (17.93861961 59.64980316);UMEÅ;POINT (20.28625488 63.79077911); 478 ; 180 
STOCKHOLM/ARLANDA;POINT (17.93861961 59.64980316);VILHELMINA;POINT (16.65439224 64.6257019); 551 ; 528 
STOCKHOLM/ARLANDA;POINT (17.93861961 59.64980316);VISBY;POINT (18.34523964 57.66231918); 222 ; 149 
STOCKHOLM/ARLANDA;POINT (17.93861961 59.64980316);VÄXJÖ/KRONOBERG;POINT (14.7322894 56.92434045); 356 ; 356 
STOCKHOLM/ARLANDA;POINT (17.93861961 59.64980316);ÅRE ÖSTERSUND;POINT (16.6271988 59.60213195); 435 ; 435 
STOCKHOLM/ARLANDA;POINT (17.93861961 59.64980316);ÄNGELHOLM;POINT (16.6271988 59.60213195); 479 ; 480 
STOCKHOLM/ARLANDA;POINT (17.93861961 59.64980316);ÖRNSKÖLDSVIK;POINT (18.71602058 63.28886032); 423 ; 200 
STOCKHOLM/ARLANDA;POINT (17.93861961 59.64980316);STOCKHOLM/ARLANDA;POINT (17.93861961 59.64980316); 30 ; 30 
STOCKHOLM/ARLANDA;POINT (17.93861961 59.64980316);STOCKHOLM/BROMMA;POINT (17.94678307 59.35702896); 32 ; 32 
STOCKHOLM/ARLANDA;POINT (17.93861961 59.64980316);STOCKHOLM/VÄSTERÅS;POINT (16.54636765 59.61109924); 74 ; 74 
STOCKHOLM/ARLANDA;POINT (17.93861961 59.64980316);SVEG;POINT (16.6271988 59.60213195); 328 ; 329 
STOCKHOLM/ARLANDA;POINT (17.93861961 59.64980316);TORSBY;POINT (13.00678825 60.13552094); 282 ; 283 
STOCKHOLM/ARLANDA;POINT (17.93861961 59.64980316);STOCKHOLM/SKAVSTA;POINT (16.92242432 58.78472519); 112 ; 112 
STOCKHOLM/ARLANDA;POINT (17.93861961 59.64980316);ÖREBRO;POINT (15.05159173 59.24286598); 171 ; 171 
STOCKHOLM/ARLANDA;POINT (17.93861961 59.64980316);PAJALA;POINT (23.36472893 67.20903778); 882 ; 579 
STOCKHOLM/BROMMA;POINT (17.94678307 59.35702896);GÖTEBORG/LANDVETTER;POINT (12.28727818 57.66451263); 407 ; 408 
STOCKHOLM/BROMMA;POINT (17.94678307 59.35702896);KALMAR;POINT (16.28347778 56.68473816); 313 ; 290 
STOCKHOLM/BROMMA;POINT (17.94678307 59.35702896);LINKÖPING;POINT (15.62452507 58.40981293); 167 ; 168 
STOCKHOLM/BROMMA;POINT (17.94678307 59.35702896);MALMÖ;POINT (13.3716898 55.53546143); 506 ; 506 
STOCKHOLM/BROMMA;POINT (17.94678307 59.35702896);RONNEBY;POINT (15.27101803 56.26460266); 379 ; 379 
STOCKHOLM/BROMMA;POINT (17.94678307 59.35702896);STOCKHOLM/SKAVSTA;POINT (16.92242432 58.78472519); 86 ; 87 
STOCKHOLM/BROMMA;POINT (17.94678307 59.35702896);SUNDSVALL TIMRÅ;POINT (17.3071022 62.3907547); 354 ; 321 
STOCKHOLM/BROMMA;POINT (17.94678307 59.35702896);TORSBY;POINT (13.00678825 60.13552094); 291 ; 292 
STOCKHOLM/BROMMA;POINT (17.94678307 59.35702896);TROLLHÄTTAN/VÄNERSBORG;POINT (12.34457207 58.31798935); 343 ; 343 
STOCKHOLM/BROMMA;POINT (17.94678307 59.35702896);UMEÅ;POINT (20.28625488 63.79077911); 509 ; 210 
STOCKHOLM/BROMMA;POINT (17.94678307 59.35702896);VISBY;POINT (18.34523964 57.66231918); 189 ; 117 
STOCKHOLM/BROMMA;POINT (17.94678307 59.35702896);VÄXJÖ/KRONOBERG;POINT (14.7322894 56.92434045); 330 ; 330 
STOCKHOLM/BROMMA;POINT (17.94678307 59.35702896);ÄNGELHOLM;POINT (16.6271988 59.60213195); 455 ; 456 
STOCKHOLM/BROMMA;POINT (17.94678307 59.35702896);ÅRE ÖSTERSUND;POINT (16.6271988 59.60213195); 465 ; 465 
STOCKHOLM/BROMMA;POINT (17.94678307 59.35702896);HALMSTAD;POINT (12.85748291 56.67398071); 423 ; 424 
STOCKHOLM/BROMMA;POINT (17.94678307 59.35702896);JÖNKÖPING;POINT (14.16571903 57.78256226); 287 ; 287 
STOCKHOLM/BROMMA;POINT (17.94678307 59.35702896);LULEÅ;POINT (22.11975479 65.54638672); 722 ; 393 
STOCKHOLM/BROMMA;POINT (17.94678307 59.35702896);BORLÄNGE;POINT (15.51051712 60.42327499); 180 ; 180 
STOCKHOLM/BROMMA;POINT (17.94678307 59.35702896);STOCKHOLM/ARLANDA;POINT (17.93861961 59.64980316); 32 ; 32 
STOCKHOLM/BROMMA;POINT (17.94678307 59.35702896);HAGFORS;POINT (13.57822037 60.02272034); 255 ; 256 
STOCKHOLM/BROMMA;POINT (17.94678307 59.35702896);ARVIDSJAUR;POINT (19.27456284 65.59220886); 696 ; 485 
STOCKHOLM/BROMMA;POINT (17.94678307 59.35702896);KARLSTAD;POINT (13.50276279 59.38091278); 260 ; 261 
STOCKHOLM/BROMMA;POINT (17.94678307 59.35702896);KRISTIANSTAD;POINT (14.08672428 55.91998291); 446 ; 447 
STOCKHOLM/BROMMA;POINT (17.94678307 59.35702896);STOCKHOLM/BROMMA;POINT (17.94678307 59.35702896); 30 ; 30 
STOCKHOLM/BROMMA;POINT (17.94678307 59.35702896);ÖREBRO;POINT (15.05159173 59.24286598); 165 ; 166 
STOCKHOLM/BROMMA;POINT (17.94678307 59.35702896);GÄLLIVARE;POINT (20.81499672 67.13253784); 876 ; 620 
STOCKHOLM/BROMMA;POINT (17.94678307 59.35702896);SVEG;POINT (16.6271988 59.60213195); 355 ; 356 
STOCKHOLM/BROMMA;POINT (17.94678307 59.35702896);STOCKHOLM/VÄSTERÅS;POINT (16.54636765 59.61109924); 78 ; 79 
STOCKHOLM/BROMMA;POINT (17.94678307 59.35702896);KRAMFORS-SOLLEFTEÅ;POINT (17.76606178 63.04914474); 410 ; 326 
STOCKHOLM/BROMMA;POINT (17.94678307 59.35702896);SKELLEFTEÅ;POINT (21.08051109 64.6242218); 607 ; 287 
STOCKHOLM/BROMMA;POINT (17.94678307 59.35702896);KIRUNA;POINT (20.33342934 67.8212738); 948 ; 730 
STOCKHOLM/BROMMA;POINT (17.94678307 59.35702896);ÖRNSKÖLDSVIK;POINT (18.71602058 63.28886032); 454 ; 229 
STOCKHOLM/BROMMA;POINT (17.94678307 59.35702896);HEMAVAN TÄRNABY;POINT (15.08346176 65.80632019); 732 ; 734 
STOCKHOLM/BROMMA;POINT (17.94678307 59.35702896);PAJALA;POINT (23.36472893 67.20903778); 913 ; 597 
STOCKHOLM/SKAVSTA;POINT (16.92242432 58.78472519);VISBY;POINT (18.34523964 57.66231918); 151 ; 70 
STOCKHOLM/SKAVSTA;POINT (16.92242432 58.78472519);SKELLEFTEÅ;POINT (21.08051109 64.6242218); 684 ; 391 
STOCKHOLM/SKAVSTA;POINT (16.92242432 58.78472519);STOCKHOLM/BROMMA;POINT (17.94678307 59.35702896); 86 ; 87 
STOCKHOLM/SKAVSTA;POINT (16.92242432 58.78472519);KRISTIANSTAD;POINT (14.08672428 55.91998291); 361 ; 362 
STOCKHOLM/SKAVSTA;POINT (16.92242432 58.78472519);STOCKHOLM/ARLANDA;POINT (17.93861961 59.64980316); 112 ; 112 
STOCKHOLM/SKAVSTA;POINT (16.92242432 58.78472519);ÄNGELHOLM;POINT (16.6271988 59.60213195); 369 ; 370 
STOCKHOLM/SKAVSTA;POINT (16.92242432 58.78472519);TROLLHÄTTAN/VÄNERSBORG;POINT (12.34457207 58.31798935); 270 ; 271 
STOCKHOLM/SKAVSTA;POINT (16.92242432 58.78472519);GÖTEBORG/LANDVETTER;POINT (12.28727818 57.66451263); 299 ; 300 
STOCKHOLM/SKAVSTA;POINT (16.92242432 58.78472519);LULEÅ;POINT (22.11975479 65.54638672); 798 ; 486 
STOCKHOLM/SKAVSTA;POINT (16.92242432 58.78472519);STOCKHOLM/VÄSTERÅS;POINT (16.54636765 59.61109924); 90 ; 91 
STOCKHOLM/SKAVSTA;POINT (16.92242432 58.78472519);MALMÖ;POINT (13.3716898 55.53546143); 420 ; 420 
STOCKHOLM/SKAVSTA;POINT (16.92242432 58.78472519);VÄXJÖ/KRONOBERG;POINT (14.7322894 56.92434045); 244 ; 244 
STOCKHOLM/SKAVSTA;POINT (16.92242432 58.78472519);ARVIDSJAUR;POINT (19.27456284 65.59220886); 766 ; 713 
STOCKHOLM/SKAVSTA;POINT (16.92242432 58.78472519);BORLÄNGE;POINT (15.51051712 60.42327499); 198 ; 198 
STOCKHOLM/SKAVSTA;POINT (16.92242432 58.78472519);JÖNKÖPING;POINT (14.16571903 57.78256226); 202 ; 202 
STOCKHOLM/SKAVSTA;POINT (16.92242432 58.78472519);KRAMFORS-SOLLEFTEÅ;POINT (17.76606178 63.04914474); 477 ; 477 
STOCKHOLM/SKAVSTA;POINT (16.92242432 58.78472519);LINKÖPING;POINT (15.62452507 58.40981293); 83 ; 83 
STOCKHOLM/SKAVSTA;POINT (16.92242432 58.78472519);UMEÅ;POINT (20.28625488 63.79077911); 584 ; 296 
STOCKHOLM/SKAVSTA;POINT (16.92242432 58.78472519);SUNDSVALL TIMRÅ;POINT (17.3071022 62.3907547); 417 ; 418 
STOCKHOLM/SKAVSTA;POINT (16.92242432 58.78472519);RONNEBY;POINT (15.27101803 56.26460266); 298 ; 298 
STOCKHOLM/SKAVSTA;POINT (16.92242432 58.78472519);ÅRE ÖSTERSUND;POINT (16.6271988 59.60213195); 506 ; 507 
STOCKHOLM/SKAVSTA;POINT (16.92242432 58.78472519);KARLSTAD;POINT (13.50276279 59.38091278); 217 ; 217 
STOCKHOLM/VÄSTERÅS;POINT (16.54636765 59.61109924);KALMAR;POINT (16.28347778 56.68473816); 324 ; 325 
STOCKHOLM/VÄSTERÅS;POINT (16.54636765 59.61109924);MALMÖ;POINT (13.3716898 55.53546143); 490 ; 491 
STOCKHOLM/VÄSTERÅS;POINT (16.54636765 59.61109924);LINKÖPING;POINT (15.62452507 58.40981293); 142 ; 142 
STOCKHOLM/VÄSTERÅS;POINT (16.54636765 59.61109924);STOCKHOLM/ARLANDA;POINT (17.93861961 59.64980316); 74 ; 74 
STOCKHOLM/VÄSTERÅS;POINT (16.54636765 59.61109924);BORLÄNGE;POINT (15.51051712 60.42327499); 111 ; 112 
STOCKHOLM/VÄSTERÅS;POINT (16.54636765 59.61109924);GÖTEBORG/LANDVETTER;POINT (12.28727818 57.66451263); 331 ; 331 
STOCKHOLM/VÄSTERÅS;POINT (16.54636765 59.61109924);PAJALA;POINT (23.36472893 67.20903778); 909 ; 686 
STOCKHOLM/VÄSTERÅS;POINT (16.54636765 59.61109924);STOCKHOLM/SKAVSTA;POINT (16.92242432 58.78472519); 90 ; 91 
STOCKHOLM/VÄSTERÅS;POINT (16.54636765 59.61109924);UMEÅ;POINT (20.28625488 63.79077911); 505 ; 232 
STOCKHOLM/VÄSTERÅS;POINT (16.54636765 59.61109924);SUNDSVALL TIMRÅ;POINT (17.3071022 62.3907547); 330 ; 331 
STOCKHOLM/VÄSTERÅS;POINT (16.54636765 59.61109924);RONNEBY;POINT (15.27101803 56.26460266); 379 ; 380 
STOCKHOLM/VÄSTERÅS;POINT (16.54636765 59.61109924);LULEÅ;POINT (22.11975479 65.54638672); 719 ; 449 
STOCKHOLM/VÄSTERÅS;POINT (16.54636765 59.61109924);JÖNKÖPING;POINT (14.16571903 57.78256226); 252 ; 252 
STOCKHOLM/VÄSTERÅS;POINT (16.54636765 59.61109924);ÅRE ÖSTERSUND;POINT (16.6271988 59.60213195); 416 ; 417 
STOCKHOLM/VÄSTERÅS;POINT (16.54636765 59.61109924);VISBY;POINT (18.34523964 57.66231918); 236 ; 156 
STOCKHOLM/VÄSTERÅS;POINT (16.54636765 59.61109924);TROLLHÄTTAN/VÄNERSBORG;POINT (12.34457207 58.31798935); 284 ; 284 
STOCKHOLM/VÄSTERÅS;POINT (16.54636765 59.61109924);ÄNGELHOLM;POINT (16.6271988 59.60213195); 429 ; 430 
STOCKHOLM/VÄSTERÅS;POINT (16.54636765 59.61109924);KRISTIANSTAD;POINT (14.08672428 55.91998291); 436 ; 436 
STOCKHOLM/VÄSTERÅS;POINT (16.54636765 59.61109924);SKELLEFTEÅ;POINT (21.08051109 64.6242218); 605 ; 335 
STOCKHOLM/VÄSTERÅS;POINT (16.54636765 59.61109924);STOCKHOLM/VÄSTERÅS;POINT (16.54636765 59.61109924); 30 ; 30 
STOCKHOLM/VÄSTERÅS;POINT (16.54636765 59.61109924);SVEG;POINT (16.6271988 59.60213195); 298 ; 298 
SUNDSVALL TIMRÅ;POINT (17.3071022 62.3907547);GÖTEBORG/LANDVETTER;POINT (12.28727818 57.66451263); 612 ; 613 
SUNDSVALL TIMRÅ;POINT (17.3071022 62.3907547);JÖNKÖPING;POINT (14.16571903 57.78256226); 563 ; 563 
SUNDSVALL TIMRÅ;POINT (17.3071022 62.3907547);KARLSTAD;POINT (13.50276279 59.38091278); 408 ; 409 
SUNDSVALL TIMRÅ;POINT (17.3071022 62.3907547);KIRUNA;POINT (20.33342934 67.8212738); 603 ; 605 
SUNDSVALL TIMRÅ;POINT (17.3071022 62.3907547);LULEÅ;POINT (22.11975479 65.54638672); 406 ; 407 
SUNDSVALL TIMRÅ;POINT (17.3071022 62.3907547);STOCKHOLM/ARLANDA;POINT (17.93861961 59.64980316); 322 ; 265 
SUNDSVALL TIMRÅ;POINT (17.3071022 62.3907547);STOCKHOLM/BROMMA;POINT (17.94678307 59.35702896); 354 ; 321 
SUNDSVALL TIMRÅ;POINT (17.3071022 62.3907547);SUNDSVALL TIMRÅ;POINT (17.3071022 62.3907547); 30 ; 30 
SUNDSVALL TIMRÅ;POINT (17.3071022 62.3907547);ÅRE ÖSTERSUND;POINT (16.6271988 59.60213195); 166 ; 167 
SUNDSVALL TIMRÅ;POINT (17.3071022 62.3907547);ÖRNSKÖLDSVIK;POINT (18.71602058 63.28886032); 125 ; 126 
SUNDSVALL TIMRÅ;POINT (17.3071022 62.3907547);HALMSTAD;POINT (12.85748291 56.67398071); 699 ; 701 
SUNDSVALL TIMRÅ;POINT (17.3071022 62.3907547);KALMAR;POINT (16.28347778 56.68473816); 654 ; 655 
SUNDSVALL TIMRÅ;POINT (17.3071022 62.3907547);BORLÄNGE;POINT (15.51051712 60.42327499); 256 ; 257 
SUNDSVALL TIMRÅ;POINT (17.3071022 62.3907547);VISBY;POINT (18.34523964 57.66231918); 543 ; 400 
SUNDSVALL TIMRÅ;POINT (17.3071022 62.3907547);MALMÖ;POINT (13.3716898 55.53546143); 812 ; 813 
SUNDSVALL TIMRÅ;POINT (17.3071022 62.3907547);ÄNGELHOLM;POINT (16.6271988 59.60213195); 740 ; 742 
SUNDSVALL TIMRÅ;POINT (17.3071022 62.3907547);LINKÖPING;POINT (15.62452507 58.40981293); 468 ; 469 
SUNDSVALL TIMRÅ;POINT (17.3071022 62.3907547);SKELLEFTEÅ;POINT (21.08051109 64.6242218); 294 ; 295 
SUNDSVALL TIMRÅ;POINT (17.3071022 62.3907547);UMEÅ;POINT (20.28625488 63.79077911); 201 ; 201 
SUNDSVALL TIMRÅ;POINT (17.3071022 62.3907547);GÄLLIVARE;POINT (20.81499672 67.13253784); 536 ; 537 
SUNDSVALL TIMRÅ;POINT (17.3071022 62.3907547);STOCKHOLM/SKAVSTA;POINT (16.92242432 58.78472519); 417 ; 418 
SUNDSVALL TIMRÅ;POINT (17.3071022 62.3907547);TORSBY;POINT (13.00678825 60.13552094); 354 ; 355 
SUNDSVALL TIMRÅ;POINT (17.3071022 62.3907547);STOCKHOLM/VÄSTERÅS;POINT (16.54636765 59.61109924); 330 ; 331 
SUNDSVALL TIMRÅ;POINT (17.3071022 62.3907547);ÖREBRO;POINT (15.05159173 59.24286598); 390 ; 390 
SUNDSVALL TIMRÅ;POINT (17.3071022 62.3907547);KRAMFORS-SOLLEFTEÅ;POINT (17.76606178 63.04914474); 60 ; 60 
SUNDSVALL TIMRÅ;POINT (17.3071022 62.3907547);PAJALA;POINT (23.36472893 67.20903778); 588 ; 589 
SUNDSVALL TIMRÅ;POINT (17.3071022 62.3907547);VÄXJÖ/KRONOBERG;POINT (14.7322894 56.92434045); 641 ; 642 
SUNDSVALL TIMRÅ;POINT (17.3071022 62.3907547);RONNEBY;POINT (15.27101803 56.26460266); 708 ; 709 
SUNDSVALL TIMRÅ;POINT (17.3071022 62.3907547);VILHELMINA;POINT (16.65439224 64.6257019); 230 ; 230 
SUNDSVALL TIMRÅ;POINT (17.3071022 62.3907547);HEMAVAN TÄRNABY;POINT (15.08346176 65.80632019); 382 ; 383 
SVEG;POINT (16.6271988 59.60213195);ÅRE ÖSTERSUND;POINT (16.6271988 59.60213195); 127 ; 127 
SVEG;POINT (16.6271988 59.60213195);STOCKHOLM/ARLANDA;POINT (17.93861961 59.64980316); 328 ; 329 
SVEG;POINT (16.6271988 59.60213195);STOCKHOLM/BROMMA;POINT (17.94678307 59.35702896); 355 ; 356 
SVEG;POINT (16.6271988 59.60213195);TROLLHÄTTAN/VÄNERSBORG;POINT (12.34457207 58.31798935); 431 ; 431 
SVEG;POINT (16.6271988 59.60213195);HAGFORS;POINT (13.57822037 60.02272034); 230 ; 230 
SVEG;POINT (16.6271988 59.60213195);VILHELMINA;POINT (16.65439224 64.6257019); 308 ; 308 
SVEG;POINT (16.6271988 59.60213195);LINKÖPING;POINT (15.62452507 58.40981293); 412 ; 412 
SVEG;POINT (16.6271988 59.60213195);SUNDSVALL TIMRÅ;POINT (17.3071022 62.3907547); 165 ; 166 
SVEG;POINT (16.6271988 59.60213195);LYCKSELE;POINT (18.71338844 64.54975128); 353 ; 353 
SVEG;POINT (16.6271988 59.60213195);LULEÅ;POINT (22.11975479 65.54638672); 542 ; 544 
SVEG;POINT (16.6271988 59.60213195);TORSBY;POINT (13.00678825 60.13552094); 224 ; 224 
SVEG;POINT (16.6271988 59.60213195);BORLÄNGE;POINT (15.51051712 60.42327499); 190 ; 190 
SVEG;POINT (16.6271988 59.60213195);JÖNKÖPING;POINT (14.16571903 57.78256226); 478 ; 478 
SVEG;POINT (16.6271988 59.60213195);PAJALA;POINT (23.36472893 67.20903778); 710 ; 710 
SVEG;POINT (16.6271988 59.60213195);KARLSTAD;POINT (13.50276279 59.38091278); 296 ; 297 
SVEG;POINT (16.6271988 59.60213195);KRAMFORS-SOLLEFTEÅ;POINT (17.76606178 63.04914474); 204 ; 204 
TORSBY;POINT (13.00678825 60.13552094);HAGFORS;POINT (13.57822037 60.02272034); 35 ; 35 
TORSBY;POINT (13.00678825 60.13552094);TORSBY;POINT (13.00678825 60.13552094); 30 ; 30 
TORSBY;POINT (13.00678825 60.13552094);KARLSTAD;POINT (13.50276279 59.38091278); 82 ; 83 
TORSBY;POINT (13.00678825 60.13552094);STOCKHOLM/ARLANDA;POINT (17.93861961 59.64980316); 282 ; 283 
TORSBY;POINT (13.00678825 60.13552094);SVEG;POINT (16.6271988 59.60213195); 224 ; 224 
TORSBY;POINT (13.00678825 60.13552094);VISBY;POINT (18.34523964 57.66231918); 414 ; 349 
TORSBY;POINT (13.00678825 60.13552094);SUNDSVALL TIMRÅ;POINT (17.3071022 62.3907547); 354 ; 355 
TORSBY;POINT (13.00678825 60.13552094);STOCKHOLM/BROMMA;POINT (17.94678307 59.35702896); 291 ; 292 
TORSBY;POINT (13.00678825 60.13552094);STOCKHOLM/VÄSTERÅS;POINT (16.54636765 59.61109924); 214 ; 214 
TORSBY;POINT (13.00678825 60.13552094);BORLÄNGE;POINT (15.51051712 60.42327499); 143 ; 143 
TORSBY;POINT (13.00678825 60.13552094);ÖREBRO;POINT (15.05159173 59.24286598); 155 ; 155 
TROLLHÄTTAN/VÄNERSBORG;POINT (12.34457207 58.31798935);STOCKHOLM/ARLANDA;POINT (17.93861961 59.64980316); 354 ; 354 
TROLLHÄTTAN/VÄNERSBORG;POINT (12.34457207 58.31798935);STOCKHOLM/BROMMA;POINT (17.94678307 59.35702896); 343 ; 343 
TROLLHÄTTAN/VÄNERSBORG;POINT (12.34457207 58.31798935);BORLÄNGE;POINT (15.51051712 60.42327499); 296 ; 296 
TROLLHÄTTAN/VÄNERSBORG;POINT (12.34457207 58.31798935);TROLLHÄTTAN/VÄNERSBORG;POINT (12.34457207 58.31798935); 30 ; 30 
TROLLHÄTTAN/VÄNERSBORG;POINT (12.34457207 58.31798935);VISBY;POINT (18.34523964 57.66231918); 361 ; 316 
TROLLHÄTTAN/VÄNERSBORG;POINT (12.34457207 58.31798935);LULEÅ;POINT (22.11975479 65.54638672); 951 ; 953 
TROLLHÄTTAN/VÄNERSBORG;POINT (12.34457207 58.31798935);LINKÖPING;POINT (15.62452507 58.40981293); 195 ; 195 
TROLLHÄTTAN/VÄNERSBORG;POINT (12.34457207 58.31798935);MALMÖ;POINT (13.3716898 55.53546143); 315 ; 316 
TROLLHÄTTAN/VÄNERSBORG;POINT (12.34457207 58.31798935);JÖNKÖPING;POINT (14.16571903 57.78256226); 119 ; 120 
TROLLHÄTTAN/VÄNERSBORG;POINT (12.34457207 58.31798935);STOCKHOLM/SKAVSTA;POINT (16.92242432 58.78472519); 270 ; 271 
TROLLHÄTTAN/VÄNERSBORG;POINT (12.34457207 58.31798935);SKELLEFTEÅ;POINT (21.08051109 64.6242218); 842 ; 842 
TROLLHÄTTAN/VÄNERSBORG;POINT (12.34457207 58.31798935);KRAMFORS-SOLLEFTEÅ;POINT (17.76606178 63.04914474); 604 ; 604 
TROLLHÄTTAN/VÄNERSBORG;POINT (12.34457207 58.31798935);ÅRE ÖSTERSUND;POINT (16.6271988 59.60213195); 554 ; 555 
TROLLHÄTTAN/VÄNERSBORG;POINT (12.34457207 58.31798935);GÄLLIVARE;POINT (20.81499672 67.13253784); 1 071 ; 1 071 
UMEÅ;POINT (20.28625488 63.79077911);LULEÅ;POINT (22.11975479 65.54638672); 214 ; 214 
UMEÅ;POINT (20.28625488 63.79077911);STOCKHOLM/ARLANDA;POINT (17.93861961 59.64980316); 478 ; 180 
UMEÅ;POINT (20.28625488 63.79077911);STOCKHOLM/BROMMA;POINT (17.94678307 59.35702896); 509 ; 210 
UMEÅ;POINT (20.28625488 63.79077911);ÅRE ÖSTERSUND;POINT (16.6271988 59.60213195); 294 ; 296 
UMEÅ;POINT (20.28625488 63.79077911);KIRUNA;POINT (20.33342934 67.8212738); 449 ; 449 
UMEÅ;POINT (20.28625488 63.79077911);ÖRNSKÖLDSVIK;POINT (18.71602058 63.28886032); 77 ; 77 
UMEÅ;POINT (20.28625488 63.79077911);GÖTEBORG/LANDVETTER;POINT (12.28727818 57.66451263); 809 ; 808 
UMEÅ;POINT (20.28625488 63.79077911);KRISTIANSTAD;POINT (14.08672428 55.91998291); 940 ; 669 
UMEÅ;POINT (20.28625488 63.79077911);STOCKHOLM/SKAVSTA;POINT (16.92242432 58.78472519); 584 ; 296 
UMEÅ;POINT (20.28625488 63.79077911);MALMÖ;POINT (13.3716898 55.53546143); 997 ; 739 
UMEÅ;POINT (20.28625488 63.79077911);VISBY;POINT (18.34523964 57.66231918); 688 ; 256 
UMEÅ;POINT (20.28625488 63.79077911);LINKÖPING;POINT (15.62452507 58.40981293); 647 ; 377 
UMEÅ;POINT (20.28625488 63.79077911);SKELLEFTEÅ;POINT (21.08051109 64.6242218); 100 ; 100 
UMEÅ;POINT (20.28625488 63.79077911);ÖREBRO;POINT (15.05159173 59.24286598); 578 ; 429 
UMEÅ;POINT (20.28625488 63.79077911);SVEG;POINT (16.6271988 59.60213195); 354 ; 355 
UMEÅ;POINT (20.28625488 63.79077911);STOCKHOLM/VÄSTERÅS;POINT (16.54636765 59.61109924); 505 ; 232 
UMEÅ;POINT (20.28625488 63.79077911);SUNDSVALL TIMRÅ;POINT (17.3071022 62.3907547); 201 ; 201 
UMEÅ;POINT (20.28625488 63.79077911);UMEÅ;POINT (20.28625488 63.79077911); 30 ; 30 
UMEÅ;POINT (20.28625488 63.79077911);BORLÄNGE;POINT (15.51051712 60.42327499); 449 ; 447 
UMEÅ;POINT (20.28625488 63.79077911);JÖNKÖPING;POINT (14.16571903 57.78256226); 751 ; 588 
UMEÅ;POINT (20.28625488 63.79077911);HALMSTAD;POINT (12.85748291 56.67398071); 889 ; 739 
VÄXJÖ/KRONOBERG;POINT (14.7322894 56.92434045);KALMAR;POINT (16.28347778 56.68473816); 99 ; 99 
VÄXJÖ/KRONOBERG;POINT (14.7322894 56.92434045);STOCKHOLM/ARLANDA;POINT (17.93861961 59.64980316); 356 ; 356 
VÄXJÖ/KRONOBERG;POINT (14.7322894 56.92434045);STOCKHOLM/BROMMA;POINT (17.94678307 59.35702896); 330 ; 330 
VÄXJÖ/KRONOBERG;POINT (14.7322894 56.92434045);BORLÄNGE;POINT (15.51051712 60.42327499); 391 ; 391 
VÄXJÖ/KRONOBERG;POINT (14.7322894 56.92434045);RONNEBY;POINT (15.27101803 56.26460266); 81 ; 81 
VÄXJÖ/KRONOBERG;POINT (14.7322894 56.92434045);VISBY;POINT (18.34523964 57.66231918); 232 ; 210 
VÄXJÖ/KRONOBERG;POINT (14.7322894 56.92434045);GÖTEBORG/LANDVETTER;POINT (12.28727818 57.66451263); 168 ; 169 
VÄXJÖ/KRONOBERG;POINT (14.7322894 56.92434045);JÖNKÖPING;POINT (14.16571903 57.78256226); 100 ; 101 
VÄXJÖ/KRONOBERG;POINT (14.7322894 56.92434045);KRISTIANSTAD;POINT (14.08672428 55.91998291); 119 ; 119 
VÄXJÖ/KRONOBERG;POINT (14.7322894 56.92434045);HALMSTAD;POINT (12.85748291 56.67398071); 119 ; 120 
VÄXJÖ/KRONOBERG;POINT (14.7322894 56.92434045);STOCKHOLM/SKAVSTA;POINT (16.92242432 58.78472519); 244 ; 244 
VÄXJÖ/KRONOBERG;POINT (14.7322894 56.92434045);ÅRE ÖSTERSUND;POINT (16.6271988 59.60213195); 696 ; 698 
VÄXJÖ/KRONOBERG;POINT (14.7322894 56.92434045);ÖRNSKÖLDSVIK;POINT (18.71602058 63.28886032); 758 ; 724 
VÄXJÖ/KRONOBERG;POINT (14.7322894 56.92434045);LULEÅ;POINT (22.11975479 65.54638672); 1 035 ; 769 
VÄXJÖ/KRONOBERG;POINT (14.7322894 56.92434045);SUNDSVALL TIMRÅ;POINT (17.3071022 62.3907547); 641 ; 642 
VÄXJÖ/KRONOBERG;POINT (14.7322894 56.92434045);TROLLHÄTTAN/VÄNERSBORG;POINT (12.34457207 58.31798935); 210 ; 211 
VÄXJÖ/KRONOBERG;POINT (14.7322894 56.92434045);SKELLEFTEÅ;POINT (21.08051109 64.6242218); 921 ; 654 
VÄXJÖ/KRONOBERG;POINT (14.7322894 56.92434045);LINKÖPING;POINT (15.62452507 58.40981293); 174 ; 174 
VÄXJÖ/KRONOBERG;POINT (14.7322894 56.92434045);MALMÖ;POINT (13.3716898 55.53546143); 176 ; 176 
VÄXJÖ/KRONOBERG;POINT (14.7322894 56.92434045);KARLSTAD;POINT (13.50276279 59.38091278); 291 ; 291 
VÄXJÖ/KRONOBERG;POINT (14.7322894 56.92434045);STOCKHOLM/VÄSTERÅS;POINT (16.54636765 59.61109924); 316 ; 317 
VÄXJÖ/KRONOBERG;POINT (14.7322894 56.92434045);ÖREBRO;POINT (15.05159173 59.24286598); 256 ; 257 
VÄXJÖ/KRONOBERG;POINT (14.7322894 56.92434045);ÄNGELHOLM;POINT (16.6271988 59.60213195); 135 ; 136 
VÄXJÖ/KRONOBERG;POINT (14.7322894 56.92434045);VÄXJÖ/KRONOBERG;POINT (14.7322894 56.92434045); 30 ; 30 
VÄXJÖ/KRONOBERG;POINT (14.7322894 56.92434045);ARVIDSJAUR;POINT (19.27456284 65.59220886); 995 ; 995 
VILHELMINA;POINT (16.65439224 64.6257019);STOCKHOLM/ARLANDA;POINT (17.93861961 59.64980316); 551 ; 528 
VILHELMINA;POINT (16.65439224 64.6257019);ARVIDSJAUR;POINT (19.27456284 65.59220886); 161 ; 161 
VILHELMINA;POINT (16.65439224 64.6257019);LYCKSELE;POINT (18.71338844 64.54975128); 90 ; 90 
VILHELMINA;POINT (16.65439224 64.6257019);HEMAVAN TÄRNABY;POINT (15.08346176 65.80632019); 159 ; 159 
VILHELMINA;POINT (16.65439224 64.6257019);GÄLLIVARE;POINT (20.81499672 67.13253784); 338 ; 338 
VILHELMINA;POINT (16.65439224 64.6257019);KRAMFORS-SOLLEFTEÅ;POINT (17.76606178 63.04914474); 177 ; 177 
VILHELMINA;POINT (16.65439224 64.6257019);STOCKHOLM/BROMMA;POINT (17.94678307 59.35702896); 583 ; 578 
VILHELMINA;POINT (16.65439224 64.6257019);SUNDSVALL TIMRÅ;POINT (17.3071022 62.3907547); 230 ; 230 
VILHELMINA;POINT (16.65439224 64.6257019);UMEÅ;POINT (20.28625488 63.79077911); 188 ; 189 
VILHELMINA;POINT (16.65439224 64.6257019);MALMÖ;POINT (13.3716898 55.53546143); 1 023 ; 1 025 
VILHELMINA;POINT (16.65439224 64.6257019);ÖREBRO;POINT (15.05159173 59.24286598); 604 ; 604 
VILHELMINA;POINT (16.65439224 64.6257019);VILHELMINA;POINT (16.65439224 64.6257019); 30 ; 30 
VILHELMINA;POINT (16.65439224 64.6257019);VISBY;POINT (18.34523964 57.66231918); 773 ; 664 
VILHELMINA;POINT (16.65439224 64.6257019);ÖRNSKÖLDSVIK;POINT (18.71602058 63.28886032); 167 ; 167 
VILHELMINA;POINT (16.65439224 64.6257019);VÄXJÖ/KRONOBERG;POINT (14.7322894 56.92434045); 860 ; 860 
VILHELMINA;POINT (16.65439224 64.6257019);GÖTEBORG/LANDVETTER;POINT (12.28727818 57.66451263); 801 ; 803 
VISBY;POINT (18.34523964 57.66231918);LINKÖPING;POINT (15.62452507 58.40981293); 177 ; 123 
VISBY;POINT (18.34523964 57.66231918);STOCKHOLM/ARLANDA;POINT (17.93861961 59.64980316); 222 ; 149 
VISBY;POINT (18.34523964 57.66231918);STOCKHOLM/BROMMA;POINT (17.94678307 59.35702896); 189 ; 117 
VISBY;POINT (18.34523964 57.66231918);STOCKHOLM/SKAVSTA;POINT (16.92242432 58.78472519); 151 ; 70 
VISBY;POINT (18.34523964 57.66231918);JÖNKÖPING;POINT (14.16571903 57.78256226); 254 ; 210 
VISBY;POINT (18.34523964 57.66231918);STOCKHOLM/VÄSTERÅS;POINT (16.54636765 59.61109924); 236 ; 156 
VISBY;POINT (18.34523964 57.66231918);TROLLHÄTTAN/VÄNERSBORG;POINT (12.34457207 58.31798935); 361 ; 316 
VISBY;POINT (18.34523964 57.66231918);GÖTEBORG/LANDVETTER;POINT (12.28727818 57.66451263); 361 ; 318 
VISBY;POINT (18.34523964 57.66231918);SUNDSVALL TIMRÅ;POINT (17.3071022 62.3907547); 543 ; 400 
VISBY;POINT (18.34523964 57.66231918);ÄNGELHOLM;POINT (16.6271988 59.60213195); 367 ; 347 
VISBY;POINT (18.34523964 57.66231918);VÄXJÖ/KRONOBERG;POINT (14.7322894 56.92434045); 232 ; 210 
VISBY;POINT (18.34523964 57.66231918);KARLSTAD;POINT (13.50276279 59.38091278); 351 ; 292 
VISBY;POINT (18.34523964 57.66231918);KALMAR;POINT (16.28347778 56.68473816); 166 ; 145 
VISBY;POINT (18.34523964 57.66231918);VISBY;POINT (18.34523964 57.66231918); 30 ; 30 
VISBY;POINT (18.34523964 57.66231918);TORSBY;POINT (13.00678825 60.13552094); 414 ; 349 
VISBY;POINT (18.34523964 57.66231918);MALMÖ;POINT (13.3716898 55.53546143); 386 ; 368 
VISBY;POINT (18.34523964 57.66231918);KIRUNA;POINT (20.33342934 67.8212738); 1 133 ; 786 
VISBY;POINT (18.34523964 57.66231918);UMEÅ;POINT (20.28625488 63.79077911); 688 ; 256 
VISBY;POINT (18.34523964 57.66231918);RONNEBY;POINT (15.27101803 56.26460266); 244 ; 225 
VISBY;POINT (18.34523964 57.66231918);BORLÄNGE;POINT (15.51051712 60.42327499); 346 ; 266 
VISBY;POINT (18.34523964 57.66231918);ÖREBRO;POINT (15.05159173 59.24286598); 259 ; 194 
VISBY;POINT (18.34523964 57.66231918);ÖRNSKÖLDSVIK;POINT (18.71602058 63.28886032); 639 ; 318 
VISBY;POINT (18.34523964 57.66231918);KRAMFORS-SOLLEFTEÅ;POINT (17.76606178 63.04914474); 599 ; 386 
VISBY;POINT (18.34523964 57.66231918);SVEG;POINT (16.6271988 59.60213195); 534 ; 456 
VISBY;POINT (18.34523964 57.66231918);HALMSTAD;POINT (12.85748291 56.67398071); 351 ; 327 
VISBY;POINT (18.34523964 57.66231918);VILHELMINA;POINT (16.65439224 64.6257019); 773 ; 664 
VISBY;POINT (18.34523964 57.66231918);ÅRE ÖSTERSUND;POINT (16.6271988 59.60213195); 649 ; 574 
VISBY;POINT (18.34523964 57.66231918);LULEÅ;POINT (22.11975479 65.54638672); 898 ; 388 
VISBY;POINT (18.34523964 57.66231918);SKELLEFTEÅ;POINT (21.08051109 64.6242218); 786 ; 309 
VISBY;POINT (18.34523964 57.66231918);ARVIDSJAUR;POINT (19.27456284 65.59220886); 883 ; 883 
VISBY;POINT (18.34523964 57.66231918);KRISTIANSTAD;POINT (14.08672428 55.91998291); 324 ; 324 